<?xml version="1.0" encoding="UTF-8"?>
<gpx xmlns="http://www.topografix.com/GPX/1/1" xmlns:xsi="http://www.w3.org/2001/XMLSchema-instance" xsi:schemaLocation="http://www.topografix.com/GPX/1/1 http://www.topografix.com/GPX/1/1/gpx.xsd" version="1.1" creator="gpx.py -- https://github.com/tkrajina/gpxpy">
  <wpt lat="45.96699130058828" lon="6.750787496566773">
    <ele>2184.0</ele>
    <name>Faune: Le Vautour fauve</name>
    <desc>&lt;p dir="ltr"&gt;&lt;span&gt;C&amp;rsquo;est un visiteur d&amp;rsquo;&amp;eacute;t&amp;eacute; en Haute-Savoie. L&amp;rsquo;esp&amp;egrave;ce est monogame, c&amp;rsquo;est-&amp;agrave;-dire que les couples sont unis pour la vie&amp;nbsp;!&lt;/span&gt;&lt;/p&gt;
&lt;p dir="ltr"&gt;&lt;span&gt;Cet oiseau vit en colonies de plus ou moins grandes tailles dont les plus proches sont situ&amp;eacute;es dans le sud Vercors. Ce sont surtout les jeunes individus qui explorent de nouveaux territoires. Pour se nourrir, cet oiseau est &amp;eacute;galement capable de couvrir des centaines de kilom&amp;egrave;tres gr&amp;acirc;ce &amp;agrave; sa pratique du vol &amp;agrave; voile, sous r&amp;eacute;serve de conditions m&amp;eacute;t&amp;eacute;orologiques favorables.&lt;/span&gt;&lt;/p&gt;
&lt;div&gt;&lt;span&gt;&amp;nbsp;&lt;/span&gt;&lt;/div&gt;</desc>
  </wpt>
  <wpt lat="45.95625198883004" lon="6.753072216464558">
    <ele>1609.0</ele>
    <name>Faune: L'Aigle royal</name>
    <desc>&lt;p dir="ltr"&gt;&lt;span&gt;Tout est exceptionnel chez lui !&lt;/span&gt;&lt;/p&gt;
&lt;span id="docs-internal-guid-d2c530a6-7fff-8f2e-63b9-6495727b30c9"&gt;&lt;span&gt;Avec une envergure pouvant aller jusqu&amp;rsquo;&amp;agrave; 2 m&amp;egrave;tres&lt;/span&gt;&lt;span&gt;,&lt;/span&gt;&lt;span&gt; il r&amp;egrave;gne en couple sur un territoire &amp;eacute;quivalant &amp;agrave; 10 000 terrains de foot !&lt;/span&gt;&lt;span&gt;&lt;span&gt;&lt;br /&gt;&lt;/span&gt;&lt;/span&gt;&lt;span&gt;Sa vue per&amp;ccedil;ante et l&amp;eacute;gendaire, d&amp;eacute;tecte les mouvements d&amp;rsquo;une proie &amp;agrave; plus de 1 km de distance. Ses yeux sont comme des loupes qui grossissent 6 &amp;agrave; 8 fois ce qu&amp;rsquo;il per&amp;ccedil;oit et son champ de vision est de 240&amp;deg;. &lt;br /&gt;Outre les couleurs, il est capable de d&amp;eacute;celer les ultra-violets, un atout de taille pour ce grand chasseur qui peut fondre sur sa proie en piqu&amp;eacute; &amp;agrave; la vitesse de 350 km/h.&lt;/span&gt;&lt;span&gt;&lt;span&gt; &lt;br /&gt;&lt;/span&gt;&lt;/span&gt;&lt;span&gt;Mais nul n&amp;rsquo;est parfait : il rate 9 proies sur 10&amp;nbsp;!&lt;/span&gt;&lt;/span&gt;</desc>
  </wpt>
  <wpt lat="45.95652265156724" lon="6.754424594104255">
    <ele>1613.0</ele>
    <name>Faune: Le lagopède alpin</name>
    <desc>Cette esp&amp;egrave;ce, dou&amp;eacute;e de mim&amp;eacute;tisme, est capable de transformer son plumage entre les saisons d&amp;rsquo;&amp;eacute;t&amp;eacute; et d&amp;rsquo;hiver afin de se fondre dans son environnement. En hiver, son plumage est blanc pur ; en &amp;eacute;t&amp;eacute;, il y a des t&amp;acirc;ches brunes et noires sur le dessus ; en automne : gris&amp;acirc;tre &amp;eacute;caill&amp;eacute;e de blanc sur le dessus.&lt;br /&gt;Son nom, qui signifie "pied de li&amp;egrave;vre", provient du fait que ses doigts&amp;nbsp;sont recouverts d&amp;rsquo;un &amp;eacute;pais duvet en hiver&amp;nbsp;! &lt;br /&gt;C&amp;rsquo;est l&amp;rsquo;un des oiseaux les plus menac&amp;eacute;s des Alpes.&lt;br /&gt;Dans les r&amp;eacute;serves naturelles de Haute-Savoie, un suivi des populations est r&amp;eacute;alis&amp;eacute; tous les ans afin de mesurer l&amp;rsquo;&amp;eacute;volution des effectifs, en collaboration avec "L&amp;rsquo;Observatoire des Galliformes de Montagne".</desc>
  </wpt>
  <wpt lat="45.95670244787796" lon="6.758186566027835">
    <ele>1602.0</ele>
    <name>Faune: Le Pic noir</name>
    <desc>&lt;p dir="ltr"&gt;&lt;span&gt;C&amp;rsquo;est le plus grand des 8 pics pr&amp;eacute;sents en France.&amp;nbsp; A l&amp;rsquo;origine, esp&amp;egrave;ce purement montagnarde&amp;nbsp;, il se rencontre d&amp;eacute;sormais aussi en plaine ! En effet, il s&amp;rsquo;adapte aussi bien aux for&amp;ecirc;ts de feuillus que de r&amp;eacute;sineux, d&amp;egrave;s lors qu&amp;rsquo;elles sont de grandes surfaces et qu&amp;rsquo;elles disposent de bois morts laiss&amp;eacute;s sur place et de vieux arbres de gros diam&amp;egrave;tres.&lt;br /&gt;&lt;/span&gt;Il se reconna&amp;icirc;t ais&amp;eacute;ment &amp;agrave; son plumage enti&amp;egrave;rement noir &amp;eacute;gay&amp;eacute; d&amp;rsquo;une t&amp;acirc;che rouge vif, limit&amp;eacute;e &amp;agrave; la nuque chez la femelle et plus &amp;eacute;tendue chez le m&amp;acirc;le.&lt;/p&gt;
&lt;div&gt;&lt;span&gt;&amp;nbsp;&lt;/span&gt;&lt;/div&gt;</desc>
  </wpt>
  <wpt lat="45.956380863989885" lon="6.761054681558104">
    <ele>1599.0</ele>
    <name>Faune: La Gélinotte des Bois</name>
    <desc>&lt;span id="docs-internal-guid-710d6628-7fff-9675-f822-f95357fc4ff2"&gt;&lt;span&gt;C&amp;rsquo;est la plus petite et la plus discr&amp;egrave;te des esp&amp;egrave;ces de Galliformes de montagne.&lt;br /&gt;Elle est bien moins connue que le T&amp;eacute;tras-Lyre ou que le Lagop&amp;egrave;de alpin du fait de ses m&amp;oelig;urs exclusivement foresti&amp;egrave;res&amp;nbsp;!&amp;nbsp;&lt;br /&gt;Mais elle est aussi importante d&amp;rsquo;un point de vue biologique et scientifique&amp;nbsp;: c&amp;rsquo;est une esp&amp;egrave;ce indicatrice des changements environnementaux. Ses exigences marqu&amp;eacute;es en termes de v&amp;eacute;g&amp;eacute;tation et de vari&amp;eacute;t&amp;eacute; d&amp;rsquo;essences d&amp;rsquo;arbres la mettent en danger face &amp;agrave; une mauvaise gestion foresti&amp;egrave;re. C&amp;rsquo;est d&amp;rsquo;ailleurs l&amp;rsquo;une des principales causes de r&amp;eacute;gression de l'esp&amp;egrave;ce.&lt;/span&gt;&lt;/span&gt;</desc>
  </wpt>
  <wpt lat="45.96088221613867" lon="6.7694492873756404">
    <ele>1633.0</ele>
    <name>Faune: Le parler sifflé de la Marmotte</name>
    <desc>&lt;span id="docs-internal-guid-7e38de9c-7fff-edd4-265b-f293390ef5ec"&gt;&lt;span&gt;La Marmotte est le met pr&amp;eacute;f&amp;eacute;r&amp;eacute; de l&amp;rsquo;Aigle royal et dans une moindre mesure, du Renard. Toujours vigilante, en position de &amp;laquo;&amp;nbsp;chandelle&amp;nbsp;&amp;raquo;, elle surveille donc son environnement pour ne pas se faire prendre. Gr&amp;acirc;ce &amp;agrave; des yeux au champ de vision tr&amp;egrave;s large, &amp;agrave; une ou&amp;iuml;e et &amp;agrave; un flair tr&amp;egrave;s performants, rien ne lui &amp;eacute;chappe. En cas d&amp;rsquo;alerte, elle pr&amp;eacute;vient les autres par un cri d&amp;rsquo;alarme&amp;nbsp;: tr&amp;egrave;s aig&amp;uuml; et bref pour un danger venant du ciel, siffl&amp;eacute; et r&amp;eacute;p&amp;eacute;t&amp;eacute; pour un danger au sol. Et ce danger, c&amp;rsquo;est parfois vous&amp;nbsp;!&lt;/span&gt;&lt;/span&gt;</desc>
  </wpt>
  <wpt lat="45.957604593851606" lon="6.7651350214253005">
    <ele>1601.0</ele>
    <name>Flore: Le Sorbier des Oiseleurs</name>
    <desc>&lt;span id="docs-internal-guid-a3c7142b-7fff-c896-7aa7-dc7ecc64c246"&gt;&lt;span&gt;C'est un petit arbre qui pousse en lisi&amp;egrave;re des for&amp;ecirc;ts. Ses fruits, appel&amp;eacute;s "sorbes", sont des baies rouges orang&amp;eacute;es qui sont tr&amp;egrave;s appr&amp;eacute;ci&amp;eacute;es des grives et des merles. &lt;br /&gt;Il est possible d'en faire de l&amp;rsquo;eau de vie, de la gel&amp;eacute;e ou de la confiture. A condition d'&amp;ecirc;tre cueillis avant maturit&amp;eacute; sous peine de toxicit&amp;eacute;!&lt;br /&gt;Dans la r&amp;eacute;serve, le sorbier est &amp;eacute;tudi&amp;eacute; dans le cadre d'un programme de science participative destin&amp;eacute; &amp;agrave; mesurer l'impact du changement climatique en montagne.&lt;/span&gt;&lt;/span&gt;</desc>
  </wpt>
  <wpt lat="45.95850289625377" lon="6.768968311258499">
    <ele>1625.0</ele>
    <name>Histoire: Les Ayères</name>
    <desc>A l&amp;rsquo;origine, le terme &amp;laquo; Ahier &amp;raquo; provient du patois roman qui d&amp;eacute;signe l&amp;rsquo;Erable sycomore. Les termes &amp;ldquo;pierri&amp;egrave;res&amp;rdquo; et &amp;ldquo;roc&amp;rdquo; proviennent des nombreux blocs rocheux qui sont les t&amp;eacute;moins des &amp;eacute;boulements du D&amp;eacute;rochoir dont celui de 1751 qui tua 6 personnes et quelques animaux domestiques. Tous ces chalets &amp;eacute;taient des chalets d&amp;rsquo;alpage &amp;agrave; vocation agricole. &lt;br /&gt;Maintenant ce sont des r&amp;eacute;sidences secondaires.</desc>
  </wpt>
  <wpt lat="45.961566594806385" lon="6.771230929067086">
    <ele>1640.0</ele>
    <name>Pastoralisme: Chiens de protection des troupeaux</name>
    <desc>Ce sont des chiens de travail, leur pr&amp;eacute;sence est donc accept&amp;eacute;e dans les r&amp;eacute;serves naturelles. Ils sont l&amp;agrave; pour d&amp;eacute;fendre les moutons et brebis des attaques de grands pr&amp;eacute;dateurs, comme le loup. Souvent de grande taille, ces chiens, qualifi&amp;eacute;s de "molosso&amp;iuml;des", d&amp;eacute;dient leur vie &amp;agrave; la protection des troupeaux auxquels ils sont tr&amp;egrave;s attach&amp;eacute;s.&lt;br /&gt;&lt;br /&gt;A l'approche du troupeau, il est important de rester attentif &amp;agrave; leur comportement et de s'adapter, tout en&lt;a href="https://www.youtube.com/watch?v=_gn8HVEcYyc"&gt; respectant certaines consignes&lt;/a&gt; : &lt;br /&gt;- Rester &amp;agrave; distance du troupeau (le contourner si possible)&lt;br /&gt;- Se signaler, &amp;agrave; voix haute, aux troupeaux et aux chiens pour &amp;eacute;viter de les surprendre&lt;br /&gt;- Garder votre calme et &amp;eacute;viter les gestes brusques, continuer &amp;agrave; marcher sans courir. N&amp;rsquo;h&amp;eacute;sitez pas &amp;agrave; leur parler doucement pour qu&amp;rsquo;ils s&amp;rsquo;habituent et acceptent votre pr&amp;eacute;sence.&lt;br /&gt;- Eviter de regarder les chiens dans les yeux et mettre un objet entre vous et le chien.&lt;br /&gt;
&lt;p id="docs-internal-guid-79264e87-7fff-3ae7-8d06-d7a5198b881a" style="line-height: 1.295; text-align: justify; margin-top: 0pt; margin-bottom: 8pt;" dir="ltr"&gt;&lt;span style="font-size: 11pt; font-family: Calibri,sans-serif; color: #000000; background-color: transparent; font-weight: 400; font-style: normal; font-variant: normal; text-decoration: none; vertical-align: baseline; white-space: pre-wrap;"&gt;&amp;nbsp;&lt;/span&gt;&lt;/p&gt;</desc>
  </wpt>
  <wpt lat="45.9617657061781" lon="6.771424295320832">
    <ele>1643.0</ele>
    <name>Faune: Le Loup</name>
    <desc>&lt;span&gt;Le loup est de retour en France, par ses propres moyens, depuis les ann&amp;eacute;es quatre-vingt-dix. Partie d&amp;rsquo;Italie, l&amp;rsquo;esp&amp;egrave;ce a d&amp;rsquo;abord colonis&amp;eacute; les Alpes du Sud, puis l&amp;rsquo;ensemble du territoire alpins.&lt;/span&gt;&lt;br /&gt;&lt;span&gt;&lt;/span&gt;
&lt;div&gt;&lt;span&gt;&lt;br /&gt;Depuis l&amp;rsquo;&amp;eacute;t&amp;eacute; 2019, sa pr&amp;eacute;sence est av&amp;eacute;r&amp;eacute;e dans certaines des R&amp;eacute;serves naturelles de Haute-Savoie d&amp;rsquo;o&amp;ugrave; la pr&amp;eacute;sence de chiens de protection aupr&amp;egrave;s de plusieurs troupeaux.&lt;br /&gt;&lt;br /&gt;En effet, le loup est carnivore. Il se nourrit principalement d&amp;rsquo;animaux sauvages tels chamois ou chevreuils. Mais il peut aussi consommer des brebis ou des moutons, surtout quand les troupeaux ne sont pas gard&amp;eacute;s.&lt;br /&gt;&lt;br /&gt;Pour ne pas g&amp;ecirc;ner le travail des chiens, respectez les consignes !&lt;/span&gt;&lt;/div&gt;</desc>
  </wpt>
  <wpt lat="45.962475110961314" lon="6.773211586505189">
    <ele>1670.0</ele>
    <name>Flore: La Gentiane jaune</name>
    <desc>&lt;p dir="ltr"&gt;Cette grande plante vivace, de plus de 1m, se rencontre dans les prairies, les landes ou les clairi&amp;egrave;res de for&amp;ecirc;ts des &amp;eacute;tages montagnard et subalpin.&lt;br /&gt;Utilis&amp;eacute;e en phytoth&amp;eacute;rapie, il convient de ne pas la confondre avec le V&amp;eacute;r&amp;acirc;tre blanc, hautement toxique, &amp;agrave; c&amp;ocirc;t&amp;eacute; duquel elle pousse et &amp;agrave; qui elle ressemble beaucoup&amp;nbsp;!&amp;nbsp;&lt;br /&gt;Seules les fleurs ne se ressemblent pas. Celles de la Gentiane sont jaunes. En dehors des p&amp;eacute;riodes de floraison, c&amp;rsquo;est surtout les feuilles qu&amp;rsquo;il faut regarder. Celles de la Gentiane sont face &amp;agrave; face sur la tige, tandis que celles du V&amp;eacute;r&amp;acirc;tre sont altern&amp;eacute;es.&amp;nbsp;&lt;/p&gt;
&lt;div&gt;&lt;span&gt;&amp;nbsp;&lt;/span&gt;&lt;/div&gt;
&lt;div&gt;&lt;span&gt;&amp;nbsp;&lt;/span&gt;&lt;/div&gt;</desc>
  </wpt>
  <wpt lat="45.96964037981503" lon="6.786867010172137">
    <ele>1971.0</ele>
    <name>Faune: Le Bouquetin des Alpes</name>
    <desc>&lt;p dir="ltr"&gt;&lt;span&gt;Cette esp&amp;egrave;ce aujourd&amp;rsquo;hui prot&amp;eacute;g&amp;eacute;e a bien failli disparaitre de l&amp;rsquo;arc alpin &amp;agrave; la fin du XIXe si&amp;egrave;cle principalement du fait de la chasse ou du braconnage.&lt;br /&gt;&lt;/span&gt;Diff&amp;eacute;rentes r&amp;eacute;introductions successives dans toutes les Alpes ont permis d&amp;rsquo;augmenter les effectifs des populations bien que l&amp;rsquo;esp&amp;egrave;ce reste encore aujourd&amp;rsquo;hui quasi-menac&amp;eacute;e.&lt;br /&gt;Dans la r&amp;eacute;serve, les bouquetins font l&amp;rsquo;objet d'un suivi destin&amp;eacute; &amp;agrave; veiller sur leur &amp;eacute;tat de sant&amp;eacute; ou &amp;agrave; am&amp;eacute;liorer la gestion des effectifs de l&amp;rsquo;esp&amp;egrave;ce.&lt;/p&gt;
&lt;div&gt;&lt;span&gt;&amp;nbsp;&lt;/span&gt;&lt;/div&gt;</desc>
  </wpt>
  <wpt lat="45.971506632459935" lon="6.790526465117627">
    <ele>1972.0</ele>
    <name>Faune: Le Gypaète barbu</name>
    <desc>&lt;p&gt;Avec une envergure de pr&amp;egrave;s de 3 m&amp;egrave;tres, un corps orange vif, un &amp;oelig;il cercl&amp;eacute; de rouge, des plumes noires de part et d&amp;rsquo;autre du bec formant une barbichette, il n&amp;rsquo;en fallait pas plus au Gypa&amp;egrave;te pour effrayer les populations alpines d&amp;rsquo;autrefois qui voyaient en lui l&amp;rsquo;expression du diable !&lt;br /&gt;Extermin&amp;eacute; des Alpes au d&amp;eacute;but du 20e si&amp;egrave;cle, cet oiseau inoffensif et majestueux est de retour dans le ciel alpin gr&amp;acirc;ce au plus grand programme de r&amp;eacute;introduction animal&amp;nbsp; initi&amp;eacute; il y a 30 ans en Europe.&lt;/p&gt;</desc>
  </wpt>
  <wpt lat="45.97090210778365" lon="6.796913174867754">
    <ele>1953.0</ele>
    <name>Lac: Les Laouchets de Pormenaz</name>
    <desc>Ces petites &amp;eacute;tendues d&amp;rsquo;eau peu profondes sont appel&amp;eacute;es &amp;agrave; tort des lacs. &lt;br /&gt;Ici on les appelle des &amp;ldquo;laouchets&amp;rdquo;, ce qui signifie &amp;ldquo;petites pi&amp;egrave;ces d&amp;rsquo;eau&amp;rdquo;. Peu profondes, ces &amp;eacute;tendues d&amp;rsquo;eau abritent une esp&amp;egrave;ce rare et prot&amp;eacute;g&amp;eacute;e, le sparganium ou Rubanier &amp;agrave; feuilles &amp;eacute;troites, ainsi qu&amp;rsquo;une biodiversit&amp;eacute; importante. A terme, ces laouchets vont se combler et devenir des tourbi&amp;egrave;res.</desc>
  </wpt>
  <wpt lat="45.97006159295344" lon="6.796519015364184">
    <ele>1957.0</ele>
    <name>Flore: Le rubanier à feuilles étroites</name>
    <desc>&lt;p dir="ltr"&gt;&lt;span&gt;Ce que l&amp;rsquo;on voit &amp;agrave; la surface du Laouchet, n&amp;rsquo;est pas une algue mais une plante &amp;agrave; fleurs dont les longues feuilles &amp;eacute;troites, telles des rubans aux reflets changeants, flottent sur l&amp;rsquo;eau. Le Rubanier vit dans les eaux calmes, froides et peu profondes des lacs et &amp;eacute;tangs de montagne. Il poss&amp;egrave;de sous l&amp;rsquo;eau, des tiges remplies de r&amp;eacute;serves nutritives&amp;nbsp;: les rhizomes.&lt;br /&gt;&lt;/span&gt;Avec le comblement en terre du Laouchet, la population de Rubaniers s&amp;rsquo;&amp;eacute;tend, accentuant le ph&amp;eacute;nom&amp;egrave;ne en apportant chaque hiver ses tiges et ses feuilles fan&amp;eacute;es&lt;/p&gt;
&lt;div&gt;&lt;span&gt;&amp;nbsp;&lt;/span&gt;&lt;/div&gt;</desc>
  </wpt>
  <wpt lat="45.96710479685657" lon="6.795786204598801">
    <ele>1951.0</ele>
    <name>Archéologie: Les tourbières</name>
    <desc>Probablement des petites &amp;eacute;tendues d&amp;rsquo;eau dans un pass&amp;eacute; lointain. Ici, suite &amp;agrave; leur comblement, une tourbi&amp;egrave;re s&amp;rsquo;est form&amp;eacute;e. Des fouilles arch&amp;eacute;ologiques sur le pourtour, ont mis en &amp;eacute;vidence des traces d&amp;rsquo;occupation humaine remontant jusqu&amp;rsquo;&amp;agrave; l&amp;rsquo;&amp;acirc;ge du Bronze (-2200 ans av. J.-C.), l&amp;rsquo;&amp;acirc;ge du Fer (-800 ans av. J.-C.) et l&amp;rsquo;Antiquit&amp;eacute; (-52 ans av. J.-C.). C&amp;rsquo;est gr&amp;acirc;ce aux feux faits par les hommes et &amp;agrave; leur datation au carbone 14 que l&amp;rsquo;on a pu remonter le temps.</desc>
  </wpt>
  <wpt lat="45.96005980613516" lon="6.778914577480404">
    <ele>1570.0</ele>
    <name>Histoire: Les mines de Pormenaz</name>
    <desc>&lt;span style="font-size: 11pt; font-family: Calibri,sans-serif; color: #000000; background-color: transparent; font-weight: 400; font-style: normal; font-variant: normal; text-decoration: none; vertical-align: baseline; white-space: pre-wrap;"&gt;&lt;span style="font-size: 11pt; font-family: Calibri,sans-serif; color: #000000; background-color: transparent; font-weight: 400; font-style: normal; font-variant: normal; text-decoration: none; vertical-align: baseline; white-space: pre-wrap;"&gt;&lt;/span&gt;&lt;/span&gt;La montagne de Pormenaz est parsem&amp;eacute;e de mines qui ont &amp;eacute;t&amp;eacute; exploit&amp;eacute;es d&amp;egrave;s l&amp;rsquo;&amp;eacute;poque gallo-romaine et jusqu&amp;rsquo;au XII&amp;egrave;me si&amp;egrave;cle. De ces mines &amp;eacute;taient extraits du plomb argentif&amp;egrave;re, des pyrites aurif&amp;egrave;re et cuivreuse et de l&amp;rsquo;antimoine. C&amp;rsquo;est surtout le plomb et l&amp;rsquo;argent qui &amp;eacute;taient recherch&amp;eacute;s. Environ 125 kg de plomb et 1 kg d&amp;rsquo;argent &amp;eacute;taient extrait d&amp;rsquo;une tonne de minerai.&lt;span style="font-size: 11pt; font-family: Calibri,sans-serif; color: #000000; background-color: transparent; font-weight: 400; font-style: normal; font-variant: normal; text-decoration: none; vertical-align: baseline; white-space: pre-wrap;"&gt;&lt;/span&gt;&lt;span style="font-size: 11pt; font-family: Calibri,sans-serif; color: #000000; background-color: transparent; font-weight: 400; font-style: normal; font-variant: normal; text-decoration: none; vertical-align: baseline; white-space: pre-wrap;"&gt;&lt;/span&gt;</desc>
  </wpt>
  <wpt lat="45.94984755315895" lon="6.7606483678547065">
    <ele>1367.0</ele>
    <name>Faune: Rencontre avec un animal sauvage, que faire ?</name>
    <desc>&lt;p&gt;Les conditions rudes de l&amp;rsquo;hiver ne laissent pas d&amp;rsquo;autres choix aux animaux que de survivre au quotidien. Notre pr&amp;eacute;sence sur leur territoire va naturellement les perturber, voire les effrayer.&lt;br /&gt;&lt;br /&gt;Minimisons donc ce d&amp;eacute;rangement :&lt;br /&gt;&lt;br /&gt;&amp;bull; Arr&amp;ecirc;tons-nous et laissons l&amp;rsquo;animal s&amp;rsquo;&amp;eacute;carter tranquillement de notre chemin.&lt;br /&gt;&lt;br /&gt;&amp;bull; Ne crions pas et ne faisons pas de gestes brusques afin de ne pas stresser l&amp;rsquo;animal davantage.&lt;br /&gt;&lt;br /&gt;&amp;bull; N&amp;rsquo;allons pas &amp;agrave; sa rencontre et ne le suivons pas.&lt;/p&gt;
&lt;p&gt;&amp;nbsp;&lt;/p&gt;</desc>
  </wpt>
  <wpt lat="45.949255700158254" lon="6.7546926995801915">
    <ele>1286.0</ele>
    <name>Faune: Les odonates</name>
    <desc>&lt;p dir="ltr"&gt;&lt;span&gt;Les odonates, plus commun&amp;eacute;ment appel&amp;eacute;es libellules, sont des insectes.&amp;nbsp;&lt;br /&gt;&lt;/span&gt;Elles connaissent deux stades dans leur vie: une phase &amp;ldquo;larvaire&amp;ldquo; qui est aquatique suivie d&amp;rsquo;une phase terrestre, qui repr&amp;eacute;sente l'&amp;acirc;ge adulte.&lt;br /&gt;Les libellules sont des pr&amp;eacute;dateurs: ce sont des carnivores se nourrissant de diff&amp;eacute;rents types de proies en fonction de leur stade. Elles mangent ainsi d'autres insectes.&amp;nbsp;&lt;br /&gt;Leur r&amp;eacute;partition est fortement li&amp;eacute;e aux conditions climatiques et tout changement impacte fortement leur pr&amp;eacute;sence. La destruction de leur habitat, les zones humides, est l&amp;rsquo;une des principales menaces qui p&amp;egrave;sent sur les libellules.&lt;/p&gt;
&lt;div&gt;&lt;span&gt;&amp;nbsp;&lt;/span&gt;&lt;/div&gt;</desc>
  </wpt>
  <wpt lat="45.94944910178259" lon="6.751742502496256">
    <ele>1281.0</ele>
    <name>Faune: Le Vairon et le Chevesne</name>
    <desc>Le Vairon est tr&amp;egrave;s commun dans les eaux tr&amp;egrave;s oxyg&amp;eacute;n&amp;eacute;es. Sa pr&amp;eacute;sence dans les lacs d&amp;rsquo;altitude est d&amp;ucirc;e &amp;agrave; la pratique de la p&amp;ecirc;che de la truite. En effet il est utilis&amp;eacute; comme app&amp;acirc;ts par les p&amp;ecirc;cheurs, ce qui a permis sa colonisation des lacs de montagne.&lt;br /&gt;&lt;br /&gt;Le Chevesne est un poisson assez gros, tr&amp;egrave;s r&amp;eacute;pandu en France. C&amp;rsquo;est un omnivore, c'est &amp;agrave; dire qu'il mange de tout.&amp;nbsp; Dans nombre de pays europ&amp;eacute;ens, notamment &amp;agrave; l'Est, il a un int&amp;eacute;r&amp;ecirc;t culinaire important.</desc>
  </wpt>
  <wpt lat="45.94965451177859" lon="6.7412959150444">
    <ele>1350.0</ele>
    <name>Histoire: L'histoire de Plaine-Joux</name>
    <desc>&lt;p&gt;For&amp;ecirc;t puis alpage, Plaine-Joux n&amp;rsquo;a pas toujours &amp;eacute;t&amp;eacute; une station de ski. Son nom qui signifierait &amp;laquo;&amp;nbsp;for&amp;ecirc;t sur un espace plat&amp;nbsp;&amp;raquo; en t&amp;eacute;moigne.&lt;/p&gt;
&lt;p&gt;D&amp;egrave;s les ann&amp;eacute;es 1930, les habitants de Passy s&amp;rsquo;adonnaient d&amp;eacute;j&amp;agrave; au ski sur ce site au panorama exceptionnel. C&amp;rsquo;est vers 1965&amp;nbsp;qu&amp;rsquo;il devient officiellement une station de ski communale. Aujourd&amp;rsquo;hui encore Plaine-Joux reste, &amp;eacute;t&amp;eacute; comme hiver, une station pris&amp;eacute;e des familles pour la pratique du ski, de la randonn&amp;eacute;e, du parapente&amp;hellip; et de la contemplation.&lt;/p&gt;</desc>
  </wpt>
  <wpt lat="45.956937920056916" lon="6.713365316390992">
    <ele>1536.0</ele>
    <name>Faune: Le placide Bouquetin</name>
    <desc>&lt;p dir="ltr"&gt;&lt;span&gt;Le Bouquetin est peu farouche, surtout par rapport au Chamois avec qui il partage souvent son territoire.&amp;nbsp;&lt;br /&gt;&lt;/span&gt;Contrairement &amp;agrave; la plupart des autres esp&amp;egrave;ces de montagne, il reste en altitude m&amp;ecirc;me lorsque l&amp;rsquo;hiver et la neige arrivent. Il rejoint alors les cr&amp;ecirc;tes et les zones d&amp;eacute;neig&amp;eacute;es o&amp;ugrave; il trouvera plus facilement l&amp;rsquo;herbe dont il se nourrit.&amp;nbsp;Cette recherche de nourriture est &amp;eacute;nergivore. Aussi, en cas de rencontre, ne l&amp;rsquo;approchez pas et laissez-le s&amp;rsquo;&amp;eacute;loigner &amp;agrave; son rythme afin qu&amp;rsquo;il ne d&amp;eacute;pense pas inutilement son &amp;eacute;nergie, surtout en hiver.&lt;/p&gt;
&lt;div&gt;&lt;span&gt;&amp;nbsp;&lt;/span&gt;&lt;/div&gt;</desc>
  </wpt>
  <trk>
    <name>[Itinéraire] Lac de Pormenaz : un écrin de biodiversité</name>
    <desc>D&amp;eacute;part devant la Maison de la R&amp;eacute;serve naturelle de Passy.&lt;br /&gt;
&lt;ol&gt;
&lt;li&gt;Prendre la route goudronn&amp;eacute;e qui passe devant le restaurant "Lou Pacheran" direction refuge de Mo&amp;euml;de-Anterne, Col et Lac d'Anterne.&lt;/li&gt;
&lt;li&gt;Prendre la piste en montant direction refuge de Mo&amp;euml;de-Anterne, Col et Lac d'Anterne. Balise 102.&lt;/li&gt;
&lt;li&gt;A la table d'orientation, continuer tout droit sur la piste en direction du refuge de Mo&amp;euml;de-Anterne, Col et Lac d'Anterne. Balise 103.&lt;/li&gt;
&lt;li&gt;Continuer sur la piste en direction du refuge de Mo&amp;euml;de-Anterne, Col et Lac d'Anterne.&lt;/li&gt;
&lt;li&gt;Continuer tout droit sur la piste en direction des Ay&amp;egrave;res des Pierri&amp;egrave;res, des Col et Lac d'Anterne. Balise 16.&lt;/li&gt;
&lt;li&gt;Traverser le hameau des Ay&amp;egrave;res des Pierri&amp;egrave;res.&lt;/li&gt;
&lt;li&gt;Prendre &amp;agrave; gauche la piste direction refuge de Mo&amp;euml;de-Anterne, Col et Lac d'Anterne. Balise 121.&lt;/li&gt;
&lt;li&gt;Au bassin, soit rester sur la piste qui monte &amp;agrave; gauche, soit prendre le sentier tout droit (raccourci pi&amp;eacute;tons). Attention, sentier a&amp;eacute;rien ! Balise 134.&lt;/li&gt;
&lt;li&gt;Rester sur la piste en direction du refuge de Mo&amp;euml;de-Anterne, Col d'Anterne. Balise 123.&lt;/li&gt;
&lt;li&gt;Rester sur la piste en direction du refuge de Mo&amp;euml;de-Anterne, Lac de Pormenaz.&lt;/li&gt;
&lt;li&gt;Au refuge, prendre la piste en direction du Lac de Pormenaz. Balise 124.&lt;/li&gt;
&lt;li&gt;Prendre le sentier tout droit en direction du Lac de Pormenaz. Balise 126.&lt;/li&gt;
&lt;li&gt;Prendre &amp;agrave; gauche le sentier en direction du Lac de Pormenaz.&lt;/li&gt;
&lt;li&gt;Reprendre le m&amp;ecirc;me chemin en direction du refuge de Mo&amp;euml;de-Anterne.&lt;/li&gt;
&lt;li&gt;Prendre le sentier &amp;agrave; gauche en direction des chalets du Souay, Plaine-Joux. Attention sentier a&amp;eacute;rien ! Sinon retourner au refuge et suivre l'itin&amp;eacute;raire de mont&amp;eacute;e. Balise 99.&lt;/li&gt;
&lt;li&gt;Continuer &amp;agrave; descendre en direction des chalets du Souay, Plaine-Joux. Balise 98.&lt;/li&gt;
&lt;li&gt;Passer entre les deux chalets et prendre la piste &amp;agrave; gauche en direction du refuge du Ch&amp;acirc;telet d'Ay&amp;egrave;res, Lac Vert. Balise 97.&lt;/li&gt;
&lt;li&gt;Rester sur la piste en direction du refuge du Ch&amp;acirc;telet d'Ay&amp;egrave;res, Lac Vert. Balise 162.&lt;/li&gt;
&lt;li&gt;Passer devant le refuge du Ch&amp;acirc;telet d'Ay&amp;egrave;res. Balise 161.&lt;/li&gt;
&lt;li&gt;Prendre la piste &amp;agrave; gauche en direction du Lac Vert, Plaine-Joux. Balise 95.&lt;/li&gt;
&lt;li&gt;Rester sur la piste en direction du Lac Vert, Plaine-Joux. Balise 160.&lt;/li&gt;
&lt;li&gt;Prendre la route goudronn&amp;eacute;e apr&amp;egrave;s avoir travers&amp;eacute; le parking en direction de Plaine-Joux. Balise 159.&lt;/li&gt;
&lt;li&gt;Quitter la route goudronn&amp;eacute;e en prenant le sentier &amp;agrave; gauche, direction Plaine-Joux. Balise 93.&lt;/li&gt;
&lt;li&gt;Prendre le sentier &amp;agrave; droite, direction Plaine-Joux. Cabanes dans les arbres.&lt;/li&gt;
&lt;li&gt;Prendre &amp;agrave; gauche la route goudronn&amp;eacute;e en direction de Plaine-Joux.&lt;/li&gt;
&lt;/ol&gt;Modifié: 2 ans</desc>
    <trkseg>
      <trkpt lat="45.950373060105925" lon="6.740336875638396">
        <ele>1356.0</ele>
      </trkpt>
      <trkpt lat="45.95041749174447" lon="6.740523239126338">
        <ele>1357.0</ele>
      </trkpt>
      <trkpt lat="45.95046474650468" lon="6.740743573038359">
        <ele>1357.0</ele>
      </trkpt>
      <trkpt lat="45.950512000836" lon="6.740963907328441">
        <ele>1358.0</ele>
      </trkpt>
      <trkpt lat="45.9505809857857" lon="6.741140485197572">
        <ele>1359.0</ele>
      </trkpt>
      <trkpt lat="45.95065299859021" lon="6.741225508940772">
        <ele>1360.0</ele>
      </trkpt>
      <trkpt lat="45.95067964186211" lon="6.741237659216486">
        <ele>1360.0</ele>
      </trkpt>
      <trkpt lat="45.950720591548766" lon="6.7412533667895405">
        <ele>1361.0</ele>
      </trkpt>
      <trkpt lat="45.95074016690908" lon="6.741261159442094">
        <ele>1361.0</ele>
      </trkpt>
      <trkpt lat="45.95079473293378" lon="6.741246774949111">
        <ele>1362.0</ele>
      </trkpt>
      <trkpt lat="45.950859813341346" lon="6.741377854505619">
        <ele>1363.0</ele>
      </trkpt>
      <trkpt lat="45.95088025692569" lon="6.741468420200421">
        <ele>1364.0</ele>
      </trkpt>
      <trkpt lat="45.95089711378749" lon="6.7416401637234875">
        <ele>1366.0</ele>
      </trkpt>
      <trkpt lat="45.95093460838772" lon="6.741760321748443">
        <ele>1367.0</ele>
      </trkpt>
      <trkpt lat="45.95096045225297" lon="6.741878395439095">
        <ele>1369.0</ele>
      </trkpt>
      <trkpt lat="45.95095683004861" lon="6.742015144401953">
        <ele>1370.0</ele>
      </trkpt>
      <trkpt lat="45.950949695071714" lon="6.742149069702261">
        <ele>1372.0</ele>
      </trkpt>
      <trkpt lat="45.95097990074691" lon="6.7422170362786655">
        <ele>1373.0</ele>
      </trkpt>
      <trkpt lat="45.951060985686134" lon="6.7422458128968605">
        <ele>1375.0</ele>
      </trkpt>
      <trkpt lat="45.95118421647255" lon="6.742267762184381">
        <ele>1377.0</ele>
      </trkpt>
      <trkpt lat="45.95130744725464" lon="6.742289711570118">
        <ele>1378.0</ele>
      </trkpt>
      <trkpt lat="45.951411570222184" lon="6.742276112714151">
        <ele>1380.0</ele>
      </trkpt>
      <trkpt lat="45.95149123653961" lon="6.74226602056839">
        <ele>1381.0</ele>
      </trkpt>
      <trkpt lat="45.9515500939851" lon="6.742312672491692">
        <ele>1382.0</ele>
      </trkpt>
      <trkpt lat="45.95156089134939" lon="6.742340547532643">
        <ele>1383.0</ele>
      </trkpt>
      <trkpt lat="45.95157665897333" lon="6.742381684772695">
        <ele>1385.0</ele>
      </trkpt>
      <trkpt lat="45.95156904717348" lon="6.74247551403851">
        <ele>1386.0</ele>
      </trkpt>
      <trkpt lat="45.95151706205183" lon="6.7425753728370035">
        <ele>1388.0</ele>
      </trkpt>
      <trkpt lat="45.951437795488296" lon="6.742695993602278">
        <ele>1389.0</ele>
      </trkpt>
      <trkpt lat="45.9513585287962" lon="6.742816614020369">
        <ele>1391.0</ele>
      </trkpt>
      <trkpt lat="45.9512738702386" lon="6.742977578521774">
        <ele>1392.0</ele>
      </trkpt>
      <trkpt lat="45.95124303870291" lon="6.743037517686998">
        <ele>1394.0</ele>
      </trkpt>
      <trkpt lat="45.95115273028497" lon="6.743232992439713">
        <ele>1395.0</ele>
      </trkpt>
      <trkpt lat="45.951086674773535" lon="6.74351283051337">
        <ele>1397.0</ele>
      </trkpt>
      <trkpt lat="45.9510741870818" lon="6.743672240205402">
        <ele>1399.0</ele>
      </trkpt>
      <trkpt lat="45.95108717367284" lon="6.743742913810047">
        <ele>1401.0</ele>
      </trkpt>
      <trkpt lat="45.95110311796105" lon="6.743833174830771">
        <ele>1404.0</ele>
      </trkpt>
      <trkpt lat="45.95118774373631" lon="6.7441090460049145">
        <ele>1405.0</ele>
      </trkpt>
      <trkpt lat="45.951212127657215" lon="6.7442166828624535">
        <ele>1407.0</ele>
      </trkpt>
      <trkpt lat="45.95124058203265" lon="6.744337520905727">
        <ele>1409.0</ele>
      </trkpt>
      <trkpt lat="45.951273323320066" lon="6.744492253586386">
        <ele>1410.0</ele>
      </trkpt>
      <trkpt lat="45.951306064395965" lon="6.744646986451003">
        <ele>1412.0</ele>
      </trkpt>
      <trkpt lat="45.951390298032955" lon="6.744880183476325">
        <ele>1415.0</ele>
      </trkpt>
      <trkpt lat="45.95145203687363" lon="6.745043998409874">
        <ele>1417.0</ele>
      </trkpt>
      <trkpt lat="45.95151377547722" lon="6.745207813710668">
        <ele>1419.0</ele>
      </trkpt>
      <trkpt lat="45.95157153165546" lon="6.7453829902095">
        <ele>1422.0</ele>
      </trkpt>
      <trkpt lat="45.951629287562604" lon="6.745558167075717">
        <ele>1424.0</ele>
      </trkpt>
      <trkpt lat="45.951696292813615" lon="6.745712648756755">
        <ele>1426.0</ele>
      </trkpt>
      <trkpt lat="45.95174572978776" lon="6.745798728797203">
        <ele>1428.0</ele>
      </trkpt>
      <trkpt lat="45.951838519341" lon="6.745950442545974">
        <ele>1430.0</ele>
      </trkpt>
      <trkpt lat="45.95192986145176" lon="6.746099790506154">
        <ele>1432.0</ele>
      </trkpt>
      <trkpt lat="45.951931308690895" lon="6.7461021568059225">
        <ele>1434.0</ele>
      </trkpt>
      <trkpt lat="45.95202387501847" lon="6.746165324534808">
        <ele>1435.0</ele>
      </trkpt>
      <trkpt lat="45.95209869997343" lon="6.746138106653541">
        <ele>1437.0</ele>
      </trkpt>
      <trkpt lat="45.95214224859268" lon="6.746020874022042">
        <ele>1440.0</ele>
      </trkpt>
      <trkpt lat="45.95219754388664" lon="6.746011713234167">
        <ele>1443.0</ele>
      </trkpt>
      <trkpt lat="45.95224003024139" lon="6.745981001548688">
        <ele>1445.0</ele>
      </trkpt>
      <trkpt lat="45.95239405538796" lon="6.7458488853041185">
        <ele>1448.0</ele>
      </trkpt>
      <trkpt lat="45.952548080380254" lon="6.745716768320622">
        <ele>1451.0</ele>
      </trkpt>
      <trkpt lat="45.95270210521825" lon="6.745584650598194">
        <ele>1453.0</ele>
      </trkpt>
      <trkpt lat="45.95275945843333" lon="6.745595016130235">
        <ele>1454.0</ele>
      </trkpt>
      <trkpt lat="45.95294166013045" lon="6.745537623554365">
        <ele>1455.0</ele>
      </trkpt>
      <trkpt lat="45.95298723189923" lon="6.74552263057489">
        <ele>1456.0</ele>
      </trkpt>
      <trkpt lat="45.95317217469666" lon="6.745464131607753">
        <ele>1457.0</ele>
      </trkpt>
      <trkpt lat="45.95337840894496" lon="6.745443270306256">
        <ele>1458.0</ele>
      </trkpt>
      <trkpt lat="45.95354112941419" lon="6.745456929196507">
        <ele>1459.0</ele>
      </trkpt>
      <trkpt lat="45.95371781458362" lon="6.745484463298991">
        <ele>1461.0</ele>
      </trkpt>
      <trkpt lat="45.95383273169249" lon="6.745471604466608">
        <ele>1463.0</ele>
      </trkpt>
      <trkpt lat="45.95387299196767" lon="6.745453664755287">
        <ele>1466.0</ele>
      </trkpt>
      <trkpt lat="45.95403660338997" lon="6.7453859580198925">
        <ele>1469.0</ele>
      </trkpt>
      <trkpt lat="45.95417648672526" lon="6.74532697599215">
        <ele>1472.0</ele>
      </trkpt>
      <trkpt lat="45.95429238725201" lon="6.745298027542092">
        <ele>1475.0</ele>
      </trkpt>
      <trkpt lat="45.954408287771294" lon="6.745269078970198">
        <ele>1478.0</ele>
      </trkpt>
      <trkpt lat="45.954574341355666" lon="6.745209292200996">
        <ele>1482.0</ele>
      </trkpt>
      <trkpt lat="45.95474810015961" lon="6.745107376948305">
        <ele>1485.0</ele>
      </trkpt>
      <trkpt lat="45.95488883425941" lon="6.744995458754801">
        <ele>1488.0</ele>
      </trkpt>
      <trkpt lat="45.955005754853744" lon="6.744894844618125">
        <ele>1492.0</ele>
      </trkpt>
      <trkpt lat="45.955106707119185" lon="6.744868108922587">
        <ele>1495.0</ele>
      </trkpt>
      <trkpt lat="45.9551932309551" lon="6.744895969237909">
        <ele>1499.0</ele>
      </trkpt>
      <trkpt lat="45.955353091147735" lon="6.74499603071221">
        <ele>1503.0</ele>
      </trkpt>
      <trkpt lat="45.95549641614139" lon="6.745078164816497">
        <ele>1506.0</ele>
      </trkpt>
      <trkpt lat="45.95557227132156" lon="6.7450742792005">
        <ele>1509.0</ele>
      </trkpt>
      <trkpt lat="45.95567120827059" lon="6.745026726079668">
        <ele>1512.0</ele>
      </trkpt>
      <trkpt lat="45.955753231732366" lon="6.745027137701138">
        <ele>1514.0</ele>
      </trkpt>
      <trkpt lat="45.95579174446592" lon="6.745089214590786">
        <ele>1516.0</ele>
      </trkpt>
      <trkpt lat="45.955817505243644" lon="6.7452641659123795">
        <ele>1519.0</ele>
      </trkpt>
      <trkpt lat="45.95581546442516" lon="6.745407497237695">
        <ele>1521.0</ele>
      </trkpt>
      <trkpt lat="45.95577941116768" lon="6.7455162005926335">
        <ele>1523.0</ele>
      </trkpt>
      <trkpt lat="45.95569821301826" lon="6.745627001293015">
        <ele>1524.0</ele>
      </trkpt>
      <trkpt lat="45.9555379087676" lon="6.745785410734299">
        <ele>1526.0</ele>
      </trkpt>
      <trkpt lat="45.95541392238096" lon="6.745908808348387">
        <ele>1527.0</ele>
      </trkpt>
      <trkpt lat="45.9553932852025" lon="6.745987539592524">
        <ele>1528.0</ele>
      </trkpt>
      <trkpt lat="45.95540181834162" lon="6.746083766549934">
        <ele>1530.0</ele>
      </trkpt>
      <trkpt lat="45.9554490290177" lon="6.74618262635378">
        <ele>1532.0</ele>
      </trkpt>
      <trkpt lat="45.955544640670354" lon="6.746289951196793">
        <ele>1534.0</ele>
      </trkpt>
      <trkpt lat="45.955678206394246" lon="6.746448975982662">
        <ele>1536.0</ele>
      </trkpt>
      <trkpt lat="45.95581177189465" lon="6.746608001539859">
        <ele>1538.0</ele>
      </trkpt>
      <trkpt lat="45.95586326595057" lon="6.746713616809636">
        <ele>1540.0</ele>
      </trkpt>
      <trkpt lat="45.95588687855903" lon="6.746844477104382">
        <ele>1542.0</ele>
      </trkpt>
      <trkpt lat="45.95587168773881" lon="6.747003716208078">
        <ele>1543.0</ele>
      </trkpt>
      <trkpt lat="45.95587405424771" lon="6.747122789833082">
        <ele>1545.0</ele>
      </trkpt>
      <trkpt lat="45.955917065643796" lon="6.747212317808674">
        <ele>1546.0</ele>
      </trkpt>
      <trkpt lat="45.95599712408146" lon="6.747272055276872">
        <ele>1547.0</ele>
      </trkpt>
      <trkpt lat="45.956072250729775" lon="6.747262952907555">
        <ele>1548.0</ele>
      </trkpt>
      <trkpt lat="45.95618077900966" lon="6.747170817597414">
        <ele>1550.0</ele>
      </trkpt>
      <trkpt lat="45.95624438329023" lon="6.747155760362506">
        <ele>1551.0</ele>
      </trkpt>
      <trkpt lat="45.95630015582614" lon="6.747213844457426">
        <ele>1553.0</ele>
      </trkpt>
      <trkpt lat="45.956337559071486" lon="6.7473365973235655">
        <ele>1554.0</ele>
      </trkpt>
      <trkpt lat="45.95633243035826" lon="6.747464209373503">
        <ele>1556.0</ele>
      </trkpt>
      <trkpt lat="45.95633003800032" lon="6.747536428604156">
        <ele>1557.0</ele>
      </trkpt>
      <trkpt lat="45.9562706840045" lon="6.747668103176823">
        <ele>1559.0</ele>
      </trkpt>
      <trkpt lat="45.956196762744504" lon="6.747749669087213">
        <ele>1561.0</ele>
      </trkpt>
      <trkpt lat="45.956092083713145" lon="6.747780023879529">
        <ele>1562.0</ele>
      </trkpt>
      <trkpt lat="45.955934378158936" lon="6.747805474864692">
        <ele>1564.0</ele>
      </trkpt>
      <trkpt lat="45.95583098537461" lon="6.7478514273235835">
        <ele>1566.0</ele>
      </trkpt>
      <trkpt lat="45.955755478653074" lon="6.747926421745685">
        <ele>1568.0</ele>
      </trkpt>
      <trkpt lat="45.95569076784509" lon="6.748029294208572">
        <ele>1570.0</ele>
      </trkpt>
      <trkpt lat="45.955612393855255" lon="6.74813640597153">
        <ele>1572.0</ele>
      </trkpt>
      <trkpt lat="45.95558314490233" lon="6.74820291754842">
        <ele>1573.0</ele>
      </trkpt>
      <trkpt lat="45.955588676460344" lon="6.748280845572966">
        <ele>1575.0</ele>
      </trkpt>
      <trkpt lat="45.95563352648844" lon="6.748342063786977">
        <ele>1576.0</ele>
      </trkpt>
      <trkpt lat="45.955709426651445" lon="6.748364036198731">
        <ele>1577.0</ele>
      </trkpt>
      <trkpt lat="45.95580433976828" lon="6.748329139976448">
        <ele>1577.0</ele>
      </trkpt>
      <trkpt lat="45.95589424272486" lon="6.748309412736538">
        <ele>1578.0</ele>
      </trkpt>
      <trkpt lat="45.955960291362466" lon="6.748329421683537">
        <ele>1579.0</ele>
      </trkpt>
      <trkpt lat="45.9560402658766" lon="6.748418883384683">
        <ele>1581.0</ele>
      </trkpt>
      <trkpt lat="45.9561076924569" lon="6.7485333413360085">
        <ele>1582.0</ele>
      </trkpt>
      <trkpt lat="45.95611600768865" lon="6.74860887469575">
        <ele>1584.0</ele>
      </trkpt>
      <trkpt lat="45.95610093849595" lon="6.7487099584092425">
        <ele>1586.0</ele>
      </trkpt>
      <trkpt lat="45.956077607013114" lon="6.748869935783171">
        <ele>1587.0</ele>
      </trkpt>
      <trkpt lat="45.956075433415734" lon="6.7490171365174945">
        <ele>1589.0</ele>
      </trkpt>
      <trkpt lat="45.95609214475905" lon="6.749111337383812">
        <ele>1590.0</ele>
      </trkpt>
      <trkpt lat="45.95614757631234" lon="6.749206883658594">
        <ele>1592.0</ele>
      </trkpt>
      <trkpt lat="45.95623204368132" lon="6.749242366511415">
        <ele>1593.0</ele>
      </trkpt>
      <trkpt lat="45.95630250406154" lon="6.74926526235208">
        <ele>1595.0</ele>
      </trkpt>
      <trkpt lat="45.956338786193115" lon="6.749312973075716">
        <ele>1596.0</ele>
      </trkpt>
      <trkpt lat="45.9563498420802" lon="6.749387401087109">
        <ele>1597.0</ele>
      </trkpt>
      <trkpt lat="45.95632641856337" lon="6.7494685277717705">
        <ele>1598.0</ele>
      </trkpt>
      <trkpt lat="45.956281708584235" lon="6.749566299618769">
        <ele>1599.0</ele>
      </trkpt>
      <trkpt lat="45.95624651350513" lon="6.749757782345015">
        <ele>1601.0</ele>
      </trkpt>
      <trkpt lat="45.95623221452141" lon="6.749862796147825">
        <ele>1602.0</ele>
      </trkpt>
      <trkpt lat="45.95619123210995" lon="6.749984087192596">
        <ele>1603.0</ele>
      </trkpt>
      <trkpt lat="45.95610797413167" lon="6.750102497279467">
        <ele>1603.0</ele>
      </trkpt>
      <trkpt lat="45.955980344066674" lon="6.750254074180212">
        <ele>1604.0</ele>
      </trkpt>
      <trkpt lat="45.95594359878163" lon="6.750329122030019">
        <ele>1604.0</ele>
      </trkpt>
      <trkpt lat="45.95593315534077" lon="6.750453785861263">
        <ele>1605.0</ele>
      </trkpt>
      <trkpt lat="45.95594854166542" lon="6.750615108345532">
        <ele>1605.0</ele>
      </trkpt>
      <trkpt lat="45.955998790446586" lon="6.750730983271678">
        <ele>1606.0</ele>
      </trkpt>
      <trkpt lat="45.95601442985252" lon="6.750830281698607">
        <ele>1606.0</ele>
      </trkpt>
      <trkpt lat="45.9560030894025" lon="6.7510091708897075">
        <ele>1607.0</ele>
      </trkpt>
      <trkpt lat="45.95601209160577" lon="6.751145500493433">
        <ele>1608.0</ele>
      </trkpt>
      <trkpt lat="45.956042812241925" lon="6.751333719418714">
        <ele>1610.0</ele>
      </trkpt>
      <trkpt lat="45.95606474885416" lon="6.751460590630694">
        <ele>1611.0</ele>
      </trkpt>
      <trkpt lat="45.95607563500164" lon="6.751594463855845">
        <ele>1612.0</ele>
      </trkpt>
      <trkpt lat="45.956071662862605" lon="6.751822971841273">
        <ele>1613.0</ele>
      </trkpt>
      <trkpt lat="45.95608178372323" lon="6.752088631669741">
        <ele>1614.0</ele>
      </trkpt>
      <trkpt lat="45.956100424624424" lon="6.752287660667626">
        <ele>1614.0</ele>
      </trkpt>
      <trkpt lat="45.95609764885928" lon="6.75248005935274">
        <ele>1613.0</ele>
      </trkpt>
      <trkpt lat="45.95611475116525" lon="6.75277980157311">
        <ele>1612.0</ele>
      </trkpt>
      <trkpt lat="45.95617013997789" lon="6.752958071349758">
        <ele>1611.0</ele>
      </trkpt>
      <trkpt lat="45.95625199636536" lon="6.7530722269732335">
        <ele>1611.0</ele>
      </trkpt>
      <trkpt lat="45.956361392130724" lon="6.753144314640457">
        <ele>1611.0</ele>
      </trkpt>
      <trkpt lat="45.95641853268833" lon="6.75321542387862">
        <ele>1611.0</ele>
      </trkpt>
      <trkpt lat="45.956451003230455" lon="6.753323627104994">
        <ele>1612.0</ele>
      </trkpt>
      <trkpt lat="45.95647730934661" lon="6.753536106278033">
        <ele>1612.0</ele>
      </trkpt>
      <trkpt lat="45.95648935351527" lon="6.75379802220204">
        <ele>1613.0</ele>
      </trkpt>
      <trkpt lat="45.95651373218554" lon="6.754041391472373">
        <ele>1613.0</ele>
      </trkpt>
      <trkpt lat="45.95651561750001" lon="6.754066078484795">
        <ele>1613.0</ele>
      </trkpt>
      <trkpt lat="45.95652885807402" lon="6.754264741550485">
        <ele>1612.0</ele>
      </trkpt>
      <trkpt lat="45.95652265156724" lon="6.754424594104255">
        <ele>1612.0</ele>
      </trkpt>
      <trkpt lat="45.956500084986146" lon="6.754669931168465">
        <ele>1611.0</ele>
      </trkpt>
      <trkpt lat="45.956492037314405" lon="6.754885237562363">
        <ele>1611.0</ele>
      </trkpt>
      <trkpt lat="45.95647246729133" lon="6.755094587510636">
        <ele>1610.0</ele>
      </trkpt>
      <trkpt lat="45.95643779773626" lon="6.755256375289639">
        <ele>1610.0</ele>
      </trkpt>
      <trkpt lat="45.95640312794999" lon="6.755418162864945">
        <ele>1610.0</ele>
      </trkpt>
      <trkpt lat="45.956335243370255" lon="6.755697890228838">
        <ele>1610.0</ele>
      </trkpt>
      <trkpt lat="45.95631802672655" lon="6.7558363100668615">
        <ele>1610.0</ele>
      </trkpt>
      <trkpt lat="45.95631053376559" lon="6.75606199394498">
        <ele>1610.0</ele>
      </trkpt>
      <trkpt lat="45.95628081018508" lon="6.756251261739863">
        <ele>1610.0</ele>
      </trkpt>
      <trkpt lat="45.956255498209956" lon="6.756470558980298">
        <ele>1610.0</ele>
      </trkpt>
      <trkpt lat="45.956240336973885" lon="6.75668279370907">
        <ele>1610.0</ele>
      </trkpt>
      <trkpt lat="45.95625177380494" lon="6.756827046756062">
        <ele>1610.0</ele>
      </trkpt>
      <trkpt lat="45.95630458616401" lon="6.756946981066084">
        <ele>1610.0</ele>
      </trkpt>
      <trkpt lat="45.95641196652229" lon="6.75710683231094">
        <ele>1610.0</ele>
      </trkpt>
      <trkpt lat="45.956497181047304" lon="6.757228333180945">
        <ele>1610.0</ele>
      </trkpt>
      <trkpt lat="45.956582395441906" lon="6.757349834426943">
        <ele>1609.0</ele>
      </trkpt>
      <trkpt lat="45.95669058897599" lon="6.757539471577487">
        <ele>1608.0</ele>
      </trkpt>
      <trkpt lat="45.956703352807196" lon="6.757589460162223">
        <ele>1607.0</ele>
      </trkpt>
      <trkpt lat="45.956733035075224" lon="6.757700061534597">
        <ele>1606.0</ele>
      </trkpt>
      <trkpt lat="45.9567518803068" lon="6.757892646630362">
        <ele>1605.0</ele>
      </trkpt>
      <trkpt lat="45.956749181416974" lon="6.757973893372847">
        <ele>1604.0</ele>
      </trkpt>
      <trkpt lat="45.95674609708561" lon="6.758039603116072">
        <ele>1603.0</ele>
      </trkpt>
      <trkpt lat="45.95670245012299" lon="6.758186558947133">
        <ele>1603.0</ele>
      </trkpt>
      <trkpt lat="45.95665411280655" lon="6.758339010731815">
        <ele>1602.0</ele>
      </trkpt>
      <trkpt lat="45.956605775284785" lon="6.758491462248886">
        <ele>1602.0</ele>
      </trkpt>
      <trkpt lat="45.956531930630966" lon="6.758679009122814">
        <ele>1601.0</ele>
      </trkpt>
      <trkpt lat="45.956515910482125" lon="6.758754175479359">
        <ele>1601.0</ele>
      </trkpt>
      <trkpt lat="45.956524432389706" lon="6.758877549932807">
        <ele>1601.0</ele>
      </trkpt>
      <trkpt lat="45.9565356101387" lon="6.758975254802831">
        <ele>1601.0</ele>
      </trkpt>
      <trkpt lat="45.95651924654433" lon="6.759087881629807">
        <ele>1601.0</ele>
      </trkpt>
      <trkpt lat="45.956525198692084" lon="6.75918005938359">
        <ele>1601.0</ele>
      </trkpt>
      <trkpt lat="45.956551752438514" lon="6.759303373175712">
        <ele>1601.0</ele>
      </trkpt>
      <trkpt lat="45.95658721657836" lon="6.759348450031426">
        <ele>1601.0</ele>
      </trkpt>
      <trkpt lat="45.95665549076673" lon="6.759355699084014">
        <ele>1601.0</ele>
      </trkpt>
      <trkpt lat="45.9567299750459" lon="6.759393101187282">
        <ele>1601.0</ele>
      </trkpt>
      <trkpt lat="45.956829557244724" lon="6.759516234273856">
        <ele>1602.0</ele>
      </trkpt>
      <trkpt lat="45.956866476826356" lon="6.759598895175432">
        <ele>1602.0</ele>
      </trkpt>
      <trkpt lat="45.95687212911802" lon="6.759672957262688">
        <ele>1602.0</ele>
      </trkpt>
      <trkpt lat="45.956852594945516" lon="6.759799586163952">
        <ele>1602.0</ele>
      </trkpt>
      <trkpt lat="45.956855291519645" lon="6.759881201683278">
        <ele>1602.0</ele>
      </trkpt>
      <trkpt lat="45.95687747573156" lon="6.760000340377633">
        <ele>1602.0</ele>
      </trkpt>
      <trkpt lat="45.95689216534423" lon="6.7600737274566525">
        <ele>1603.0</ele>
      </trkpt>
      <trkpt lat="45.95688800817322" lon="6.760171678061247">
        <ele>1603.0</ele>
      </trkpt>
      <trkpt lat="45.95686465975938" lon="6.760358796589495">
        <ele>1604.0</ele>
      </trkpt>
      <trkpt lat="45.95682769113328" lon="6.760521718176891">
        <ele>1604.0</ele>
      </trkpt>
      <trkpt lat="45.95677089183897" lon="6.7606574332290785">
        <ele>1604.0</ele>
      </trkpt>
      <trkpt lat="45.95670149977978" lon="6.760792287444414">
        <ele>1604.0</ele>
      </trkpt>
      <trkpt lat="45.95664401764803" lon="6.760840061456049">
        <ele>1603.0</ele>
      </trkpt>
      <trkpt lat="45.95654323310521" lon="6.760861610125386">
        <ele>1603.0</ele>
      </trkpt>
      <trkpt lat="45.956459109785264" lon="6.760897222854458">
        <ele>1602.0</ele>
      </trkpt>
      <trkpt lat="45.956402697694934" lon="6.76096704303316">
        <ele>1601.0</ele>
      </trkpt>
      <trkpt lat="45.956380850448234" lon="6.7610547359129445">
        <ele>1600.0</ele>
      </trkpt>
      <trkpt lat="45.95637305073453" lon="6.761180872741272">
        <ele>1600.0</ele>
      </trkpt>
      <trkpt lat="45.956358270460186" lon="6.761272926152046">
        <ele>1600.0</ele>
      </trkpt>
      <trkpt lat="45.95632807046345" lon="6.761367803254567">
        <ele>1599.0</ele>
      </trkpt>
      <trkpt lat="45.95625619555405" lon="6.761441736118792">
        <ele>1598.0</ele>
      </trkpt>
      <trkpt lat="45.9561275252702" lon="6.7615156644212275">
        <ele>1597.0</ele>
      </trkpt>
      <trkpt lat="45.95600917895897" lon="6.761550229254618">
        <ele>1596.0</ele>
      </trkpt>
      <trkpt lat="45.95597790981426" lon="6.761595915984923">
        <ele>1595.0</ele>
      </trkpt>
      <trkpt lat="45.955985016684586" lon="6.761680416925936">
        <ele>1594.0</ele>
      </trkpt>
      <trkpt lat="45.9560313571523" lon="6.761777940049712">
        <ele>1595.0</ele>
      </trkpt>
      <trkpt lat="45.956100481171845" lon="6.761949403230024">
        <ele>1595.0</ele>
      </trkpt>
      <trkpt lat="45.95623291098977" lon="6.762114854183005">
        <ele>1595.0</ele>
      </trkpt>
      <trkpt lat="45.95633514336091" lon="6.7622937521007245">
        <ele>1596.0</ele>
      </trkpt>
      <trkpt lat="45.95638546349716" lon="6.762461346235259">
        <ele>1596.0</ele>
      </trkpt>
      <trkpt lat="45.95644979143517" lon="6.762587244184298">
        <ele>1596.0</ele>
      </trkpt>
      <trkpt lat="45.956493990326074" lon="6.762667819322403">
        <ele>1596.0</ele>
      </trkpt>
      <trkpt lat="45.95652478157678" lon="6.7627720364027955">
        <ele>1596.0</ele>
      </trkpt>
      <trkpt lat="45.95656092396077" lon="6.762932199386914">
        <ele>1596.0</ele>
      </trkpt>
      <trkpt lat="45.9565906010093" lon="6.7630428033524925">
        <ele>1596.0</ele>
      </trkpt>
      <trkpt lat="45.95663098860069" lon="6.7631024375466575">
        <ele>1596.0</ele>
      </trkpt>
      <trkpt lat="45.9566575394972" lon="6.76319860984338">
        <ele>1596.0</ele>
      </trkpt>
      <trkpt lat="45.95666640121123" lon="6.76328452467662">
        <ele>1596.0</ele>
      </trkpt>
      <trkpt lat="45.95667877347353" lon="6.76340040846277">
        <ele>1596.0</ele>
      </trkpt>
      <trkpt lat="45.95671508507488" lon="6.763582557456237">
        <ele>1596.0</ele>
      </trkpt>
      <trkpt lat="45.9567364930952" lon="6.763724910606348">
        <ele>1597.0</ele>
      </trkpt>
      <trkpt lat="45.95679516694068" lon="6.763831035795877">
        <ele>1597.0</ele>
      </trkpt>
      <trkpt lat="45.95690596703129" lon="6.763942018997165">
        <ele>1598.0</ele>
      </trkpt>
      <trkpt lat="45.95697158059795" lon="6.764029230928533">
        <ele>1598.0</ele>
      </trkpt>
      <trkpt lat="45.957059119710586" lon="6.764189034017953">
        <ele>1599.0</ele>
      </trkpt>
      <trkpt lat="45.95715856626588" lon="6.76434318928856">
        <ele>1599.0</ele>
      </trkpt>
      <trkpt lat="45.95722447475136" lon="6.764502806347794">
        <ele>1600.0</ele>
      </trkpt>
      <trkpt lat="45.957281323942716" lon="6.764663742924176">
        <ele>1600.0</ele>
      </trkpt>
      <trkpt lat="45.957338172905295" lon="6.764824679832813">
        <ele>1600.0</ele>
      </trkpt>
      <trkpt lat="45.95739148814163" lon="6.764983436462798">
        <ele>1600.0</ele>
      </trkpt>
      <trkpt lat="45.95745341905251" lon="6.765045839515523">
        <ele>1601.0</ele>
      </trkpt>
      <trkpt lat="45.957604610109136" lon="6.765135031016056">
        <ele>1601.0</ele>
      </trkpt>
      <trkpt lat="45.95778201446894" lon="6.765222138774276">
        <ele>1602.0</ele>
      </trkpt>
      <trkpt lat="45.95789316234143" lon="6.765241376851718">
        <ele>1603.0</ele>
      </trkpt>
      <trkpt lat="45.95799090401928" lon="6.765257112557135">
        <ele>1604.0</ele>
      </trkpt>
      <trkpt lat="45.958033091305985" lon="6.765289728677693">
        <ele>1605.0</ele>
      </trkpt>
      <trkpt lat="45.95804889351292" lon="6.765329587665581">
        <ele>1605.0</ele>
      </trkpt>
      <trkpt lat="45.95804687607935" lon="6.765390201470818">
        <ele>1606.0</ele>
      </trkpt>
      <trkpt lat="45.9580200558807" lon="6.765491773683725">
        <ele>1606.0</ele>
      </trkpt>
      <trkpt lat="45.95800599786789" lon="6.765616193143351">
        <ele>1605.0</ele>
      </trkpt>
      <trkpt lat="45.957974250839335" lon="6.765730353954063">
        <ele>1605.0</ele>
      </trkpt>
      <trkpt lat="45.95796104910341" lon="6.765856124454743">
        <ele>1605.0</ele>
      </trkpt>
      <trkpt lat="45.95794149537775" lon="6.7661456192023515">
        <ele>1606.0</ele>
      </trkpt>
      <trkpt lat="45.9579548521984" lon="6.766231844305612">
        <ele>1606.0</ele>
      </trkpt>
      <trkpt lat="45.95798657821649" lon="6.766389126606587">
        <ele>1607.0</ele>
      </trkpt>
      <trkpt lat="45.95798451727913" lon="6.766451029957518">
        <ele>1608.0</ele>
      </trkpt>
      <trkpt lat="45.95796951245475" lon="6.766617393585139">
        <ele>1609.0</ele>
      </trkpt>
      <trkpt lat="45.95795450738588" lon="6.7667837571221">
        <ele>1609.0</ele>
      </trkpt>
      <trkpt lat="45.95793106910237" lon="6.766892023020398">
        <ele>1610.0</ele>
      </trkpt>
      <trkpt lat="45.957886854726816" lon="6.76702859622215">
        <ele>1611.0</ele>
      </trkpt>
      <trkpt lat="45.957853259650115" lon="6.767198210899449">
        <ele>1612.0</ele>
      </trkpt>
      <trkpt lat="45.957853977768224" lon="6.767312007922873">
        <ele>1614.0</ele>
      </trkpt>
      <trkpt lat="45.95789002783276" lon="6.767474757051937">
        <ele>1615.0</ele>
      </trkpt>
      <trkpt lat="45.95792911966696" lon="6.7676273739316">
        <ele>1616.0</ele>
      </trkpt>
      <trkpt lat="45.95793356658277" lon="6.767710404245458">
        <ele>1617.0</ele>
      </trkpt>
      <trkpt lat="45.95791218153281" lon="6.767838199216583">
        <ele>1618.0</ele>
      </trkpt>
      <trkpt lat="45.957866940248415" lon="6.767951434753185">
        <ele>1619.0</ele>
      </trkpt>
      <trkpt lat="45.95784037548042" lon="6.768045267496029">
        <ele>1620.0</ele>
      </trkpt>
      <trkpt lat="45.95784460731134" lon="6.768134745952393">
        <ele>1621.0</ele>
      </trkpt>
      <trkpt lat="45.95789466105419" lon="6.768310087914241">
        <ele>1622.0</ele>
      </trkpt>
      <trkpt lat="45.95793748385817" lon="6.768404794320496">
        <ele>1623.0</ele>
      </trkpt>
      <trkpt lat="45.95799555725602" lon="6.768474693369444">
        <ele>1624.0</ele>
      </trkpt>
      <trkpt lat="45.95801448364962" lon="6.768528985801793">
        <ele>1624.0</ele>
      </trkpt>
      <trkpt lat="45.958030196084124" lon="6.768598569310295">
        <ele>1624.0</ele>
      </trkpt>
      <trkpt lat="45.958061288070404" lon="6.768639476411512">
        <ele>1624.0</ele>
      </trkpt>
      <trkpt lat="45.958139106640985" lon="6.768712020703479">
        <ele>1625.0</ele>
      </trkpt>
      <trkpt lat="45.95827589779553" lon="6.768854526606318">
        <ele>1625.0</ele>
      </trkpt>
      <trkpt lat="45.95838309789042" lon="6.768938132009867">
        <ele>1625.0</ele>
      </trkpt>
      <trkpt lat="45.95850289608099" lon="6.768968311140306">
        <ele>1625.0</ele>
      </trkpt>
      <trkpt lat="45.95857429209033" lon="6.76901714966948">
        <ele>1626.0</ele>
      </trkpt>
      <trkpt lat="45.95860564454139" lon="6.769023174834281">
        <ele>1626.0</ele>
      </trkpt>
      <trkpt lat="45.958712981887004" lon="6.769021478154037">
        <ele>1627.0</ele>
      </trkpt>
      <trkpt lat="45.95877388503271" lon="6.769060549981437">
        <ele>1627.0</ele>
      </trkpt>
      <trkpt lat="45.958825318019144" lon="6.769140336900795">
        <ele>1627.0</ele>
      </trkpt>
      <trkpt lat="45.9588719900632" lon="6.769281843386469">
        <ele>1626.0</ele>
      </trkpt>
      <trkpt lat="45.958899950814505" lon="6.769362608119606">
        <ele>1626.0</ele>
      </trkpt>
      <trkpt lat="45.95892804623801" lon="6.769385214431922">
        <ele>1625.0</ele>
      </trkpt>
      <trkpt lat="45.958981928311864" lon="6.7693914904539945">
        <ele>1625.0</ele>
      </trkpt>
      <trkpt lat="45.95902137303613" lon="6.769425215167909">
        <ele>1625.0</ele>
      </trkpt>
      <trkpt lat="45.95904745173753" lon="6.769481291516593">
        <ele>1625.0</ele>
      </trkpt>
      <trkpt lat="45.95910565632396" lon="6.769520179249073">
        <ele>1626.0</ele>
      </trkpt>
      <trkpt lat="45.95919920087356" lon="6.76952658707143">
        <ele>1626.0</ele>
      </trkpt>
      <trkpt lat="45.95936033728381" lon="6.769506601966576">
        <ele>1627.0</ele>
      </trkpt>
      <trkpt lat="45.959582339563575" lon="6.769472689219038">
        <ele>1628.0</ele>
      </trkpt>
      <trkpt lat="45.95966924992063" lon="6.76943469302803">
        <ele>1628.0</ele>
      </trkpt>
      <trkpt lat="45.9597761662876" lon="6.769364458563852">
        <ele>1629.0</ele>
      </trkpt>
      <trkpt lat="45.95983990531434" lon="6.769318411704826">
        <ele>1629.0</ele>
      </trkpt>
      <trkpt lat="45.959883122696205" lon="6.769320079344523">
        <ele>1629.0</ele>
      </trkpt>
      <trkpt lat="45.959939147461114" lon="6.769316161061368">
        <ele>1629.0</ele>
      </trkpt>
      <trkpt lat="45.959982195850365" lon="6.769295842231137">
        <ele>1629.0</ele>
      </trkpt>
      <trkpt lat="45.960097594046594" lon="6.769214554283349">
        <ele>1630.0</ele>
      </trkpt>
      <trkpt lat="45.96014201167286" lon="6.76920725554886">
        <ele>1630.0</ele>
      </trkpt>
      <trkpt lat="45.960229600852195" lon="6.769230059447049">
        <ele>1630.0</ele>
      </trkpt>
      <trkpt lat="45.96027401847944" lon="6.769222760707572">
        <ele>1631.0</ele>
      </trkpt>
      <trkpt lat="45.9603943809019" lon="6.76918188436811">
        <ele>1631.0</ele>
      </trkpt>
      <trkpt lat="45.96055136365386" lon="6.76915127208547">
        <ele>1632.0</ele>
      </trkpt>
      <trkpt lat="45.960617967180376" lon="6.76915454145645">
        <ele>1632.0</ele>
      </trkpt>
      <trkpt lat="45.96066752095024" lon="6.769182496142469">
        <ele>1632.0</ele>
      </trkpt>
      <trkpt lat="45.96079030387413" lon="6.769339562171554">
        <ele>1633.0</ele>
      </trkpt>
      <trkpt lat="45.96088220975773" lon="6.76944927060441">
        <ele>1633.0</ele>
      </trkpt>
      <trkpt lat="45.96092614299114" lon="6.769564741779531">
        <ele>1634.0</ele>
      </trkpt>
      <trkpt lat="45.96098638348554" lon="6.769786036132321">
        <ele>1634.0</ele>
      </trkpt>
      <trkpt lat="45.961041426232" lon="6.7699468659108435">
        <ele>1635.0</ele>
      </trkpt>
      <trkpt lat="45.96109646874998" lon="6.770107696010869">
        <ele>1635.0</ele>
      </trkpt>
      <trkpt lat="45.96117630146377" lon="6.770349724169056">
        <ele>1636.0</ele>
      </trkpt>
      <trkpt lat="45.96125613366012" lon="6.770591753028966">
        <ele>1636.0</ele>
      </trkpt>
      <trkpt lat="45.96129364693748" lon="6.770656371817315">
        <ele>1637.0</ele>
      </trkpt>
      <trkpt lat="45.96133300209543" lon="6.770719824236877">
        <ele>1637.0</ele>
      </trkpt>
      <trkpt lat="45.96136117350722" lon="6.770821290606957">
        <ele>1637.0</ele>
      </trkpt>
      <trkpt lat="45.96136415650473" lon="6.770948177131494">
        <ele>1637.0</ele>
      </trkpt>
      <trkpt lat="45.96134851510769" lon="6.771011738958848">
        <ele>1637.0</ele>
      </trkpt>
      <trkpt lat="45.961377843661474" lon="6.771105528775416">
        <ele>1637.0</ele>
      </trkpt>
      <trkpt lat="45.96141711258709" lon="6.771171561072587">
        <ele>1638.0</ele>
      </trkpt>
      <trkpt lat="45.96145629883598" lon="6.771213026937003">
        <ele>1639.0</ele>
      </trkpt>
      <trkpt lat="45.96156658921255" lon="6.77123092701213">
        <ele>1640.0</ele>
      </trkpt>
      <trkpt lat="45.961657431916336" lon="6.771264299180855">
        <ele>1641.0</ele>
      </trkpt>
      <trkpt lat="45.9617148190421" lon="6.771327695637692">
        <ele>1642.0</ele>
      </trkpt>
      <trkpt lat="45.96176569151944" lon="6.771424255526647">
        <ele>1643.0</ele>
      </trkpt>
      <trkpt lat="45.96183017461235" lon="6.771599309633503">
        <ele>1644.0</ele>
      </trkpt>
      <trkpt lat="45.96190373112205" lon="6.7718266936216605">
        <ele>1645.0</ele>
      </trkpt>
      <trkpt lat="45.96193811881512" lon="6.771876880233434">
        <ele>1647.0</ele>
      </trkpt>
      <trkpt lat="45.96196844265241" lon="6.771886714965536">
        <ele>1648.0</ele>
      </trkpt>
      <trkpt lat="45.96202579695428" lon="6.771869963365634">
        <ele>1649.0</ele>
      </trkpt>
      <trkpt lat="45.962088505048776" lon="6.771854871405932">
        <ele>1650.0</ele>
      </trkpt>
      <trkpt lat="45.96213548875" lon="6.771878775063489">
        <ele>1651.0</ele>
      </trkpt>
      <trkpt lat="45.96217822960283" lon="6.771921778343972">
        <ele>1653.0</ele>
      </trkpt>
      <trkpt lat="45.962202590608435" lon="6.772002302636188">
        <ele>1654.0</ele>
      </trkpt>
      <trkpt lat="45.96221468880769" lon="6.77218023124102">
        <ele>1656.0</ele>
      </trkpt>
      <trkpt lat="45.962239723271274" lon="6.772348705226971">
        <ele>1658.0</ele>
      </trkpt>
      <trkpt lat="45.96229160876426" lon="6.772550044996405">
        <ele>1660.0</ele>
      </trkpt>
      <trkpt lat="45.96230923561704" lon="6.772697328369435">
        <ele>1662.0</ele>
      </trkpt>
      <trkpt lat="45.962344945047" lon="6.772788972913796">
        <ele>1665.0</ele>
      </trkpt>
      <trkpt lat="45.962396493193886" lon="6.772946338590066">
        <ele>1667.0</ele>
      </trkpt>
      <trkpt lat="45.96247509586483" lon="6.773211561292482">
        <ele>1669.0</ele>
      </trkpt>
      <trkpt lat="45.962534018903284" lon="6.77330996912268">
        <ele>1672.0</ele>
      </trkpt>
      <trkpt lat="45.96262365270286" lon="6.773406605049115">
        <ele>1674.0</ele>
      </trkpt>
      <trkpt lat="45.9626809487099" lon="6.773499730957854">
        <ele>1676.0</ele>
      </trkpt>
      <trkpt lat="45.96275524059418" lon="6.773650901835116">
        <ele>1678.0</ele>
      </trkpt>
      <trkpt lat="45.96281399511858" lon="6.773727323020675">
        <ele>1679.0</ele>
      </trkpt>
      <trkpt lat="45.96285797493783" lon="6.773787218539876">
        <ele>1681.0</ele>
      </trkpt>
      <trkpt lat="45.96287882280092" lon="6.773864918372208">
        <ele>1682.0</ele>
      </trkpt>
      <trkpt lat="45.962896248831115" lon="6.773910065756143">
        <ele>1684.0</ele>
      </trkpt>
      <trkpt lat="45.96292035429295" lon="6.773971183844912">
        <ele>1685.0</ele>
      </trkpt>
      <trkpt lat="45.96299216630762" lon="6.774088575369036">
        <ele>1686.0</ele>
      </trkpt>
      <trkpt lat="45.96305675160782" lon="6.7741253230778655">
        <ele>1687.0</ele>
      </trkpt>
      <trkpt lat="45.96310925664057" lon="6.774172876756433">
        <ele>1688.0</ele>
      </trkpt>
      <trkpt lat="45.96315421359734" lon="6.774284548761646">
        <ele>1690.0</ele>
      </trkpt>
      <trkpt lat="45.963213764668296" lon="6.774472199830636">
        <ele>1691.0</ele>
      </trkpt>
      <trkpt lat="45.96331405365108" lon="6.774627742373068">
        <ele>1693.0</ele>
      </trkpt>
      <trkpt lat="45.96344428711053" lon="6.774750436112283">
        <ele>1695.0</ele>
      </trkpt>
      <trkpt lat="45.96358522793846" lon="6.7748764504594545">
        <ele>1697.0</ele>
      </trkpt>
      <trkpt lat="45.963777442309926" lon="6.7749788356952445">
        <ele>1699.0</ele>
      </trkpt>
      <trkpt lat="45.96384785444397" lon="6.7750030573868125">
        <ele>1701.0</ele>
      </trkpt>
      <trkpt lat="45.963889190992234" lon="6.7749800385743715">
        <ele>1703.0</ele>
      </trkpt>
      <trkpt lat="45.963933234391114" lon="6.7749029104326">
        <ele>1705.0</ele>
      </trkpt>
      <trkpt lat="45.963979261380686" lon="6.774739304735737">
        <ele>1707.0</ele>
      </trkpt>
      <trkpt lat="45.96400223799978" lon="6.774618070707726">
        <ele>1709.0</ele>
      </trkpt>
      <trkpt lat="45.96404002793233" lon="6.774539220421784">
        <ele>1711.0</ele>
      </trkpt>
      <trkpt lat="45.964084062778454" lon="6.774516386283068">
        <ele>1713.0</ele>
      </trkpt>
      <trkpt lat="45.964146082770846" lon="6.774521933430814">
        <ele>1715.0</ele>
      </trkpt>
      <trkpt lat="45.96420410935999" lon="6.77459313660414">
        <ele>1717.0</ele>
      </trkpt>
      <trkpt lat="45.964245937203614" lon="6.7747175239937105">
        <ele>1719.0</ele>
      </trkpt>
      <trkpt lat="45.96427661864732" lon="6.774905784204801">
        <ele>1722.0</ele>
      </trkpt>
      <trkpt lat="45.96428929766081" lon="6.775174252571084">
        <ele>1724.0</ele>
      </trkpt>
      <trkpt lat="45.96428507141632" lon="6.77535494713299">
        <ele>1727.0</ele>
      </trkpt>
      <trkpt lat="45.96429596360295" lon="6.7755418500422735">
        <ele>1730.0</ele>
      </trkpt>
      <trkpt lat="45.96428303458021" lon="6.775767193600377">
        <ele>1732.0</ele>
      </trkpt>
      <trkpt lat="45.964252727426306" lon="6.775918950724369">
        <ele>1735.0</ele>
      </trkpt>
      <trkpt lat="45.96421984630997" lon="6.77609380047785">
        <ele>1737.0</ele>
      </trkpt>
      <trkpt lat="45.964170296495375" lon="6.776308873911202">
        <ele>1740.0</ele>
      </trkpt>
      <trkpt lat="45.96414055286316" lon="6.776416715852302">
        <ele>1743.0</ele>
      </trkpt>
      <trkpt lat="45.96411428704351" lon="6.776474379381249">
        <ele>1746.0</ele>
      </trkpt>
      <trkpt lat="45.964033427517364" lon="6.776682132146144">
        <ele>1749.0</ele>
      </trkpt>
      <trkpt lat="45.963984455051936" lon="6.776771848174447">
        <ele>1752.0</ele>
      </trkpt>
      <trkpt lat="45.96394648664759" lon="6.776883003202471">
        <ele>1754.0</ele>
      </trkpt>
      <trkpt lat="45.96391191014534" lon="6.7769465595629965">
        <ele>1755.0</ele>
      </trkpt>
      <trkpt lat="45.963857377928605" lon="6.776986769494723">
        <ele>1757.0</ele>
      </trkpt>
      <trkpt lat="45.963781301649625" lon="6.7770242077721194">
        <ele>1757.0</ele>
      </trkpt>
      <trkpt lat="45.96369549875333" lon="6.777082954762715">
        <ele>1758.0</ele>
      </trkpt>
      <trkpt lat="45.96366430469726" lon="6.777153206569796">
        <ele>1758.0</ele>
      </trkpt>
      <trkpt lat="45.96366018059406" lon="6.77722273107689">
        <ele>1759.0</ele>
      </trkpt>
      <trkpt lat="45.96368565738867" lon="6.777269725649386">
        <ele>1761.0</ele>
      </trkpt>
      <trkpt lat="45.96373730949895" lon="6.777288784231423">
        <ele>1763.0</ele>
      </trkpt>
      <trkpt lat="45.96380729533841" lon="6.777298759522057">
        <ele>1765.0</ele>
      </trkpt>
      <trkpt lat="45.96388944785181" lon="6.777295349925898">
        <ele>1768.0</ele>
      </trkpt>
      <trkpt lat="45.96400847352793" lon="6.777321619151647">
        <ele>1771.0</ele>
      </trkpt>
      <trkpt lat="45.96406946954328" lon="6.777303829789919">
        <ele>1773.0</ele>
      </trkpt>
      <trkpt lat="45.96418607436183" lon="6.777213585806314">
        <ele>1776.0</ele>
      </trkpt>
      <trkpt lat="45.964241716643365" lon="6.77719413600813">
        <ele>1778.0</ele>
      </trkpt>
      <trkpt lat="45.9642717433806" lon="6.777185855247613">
        <ele>1780.0</ele>
      </trkpt>
      <trkpt lat="45.96429191431357" lon="6.777202752882346">
        <ele>1781.0</ele>
      </trkpt>
      <trkpt lat="45.964299617162226" lon="6.777242064109107">
        <ele>1782.0</ele>
      </trkpt>
      <trkpt lat="45.96428504393548" lon="6.777300530114663">
        <ele>1783.0</ele>
      </trkpt>
      <trkpt lat="45.96423582224717" lon="6.777343690032645">
        <ele>1784.0</ele>
      </trkpt>
      <trkpt lat="45.96416989348296" lon="6.777401215887274">
        <ele>1784.0</ele>
      </trkpt>
      <trkpt lat="45.9641485933166" lon="6.777472147359305">
        <ele>1785.0</ele>
      </trkpt>
      <trkpt lat="45.964144559997514" lon="6.777511945563524">
        <ele>1786.0</ele>
      </trkpt>
      <trkpt lat="45.964176237043816" lon="6.777616247173216">
        <ele>1787.0</ele>
      </trkpt>
      <trkpt lat="45.96420731598577" lon="6.777711458619441">
        <ele>1788.0</ele>
      </trkpt>
      <trkpt lat="45.96423762458302" lon="6.777802739046442">
        <ele>1789.0</ele>
      </trkpt>
      <trkpt lat="45.964275339194444" lon="6.777915212043027">
        <ele>1790.0</ele>
      </trkpt>
      <trkpt lat="45.964300987972074" lon="6.777957048292737">
        <ele>1791.0</ele>
      </trkpt>
      <trkpt lat="45.96433709070211" lon="6.777982796611398">
        <ele>1792.0</ele>
      </trkpt>
      <trkpt lat="45.96442497958747" lon="6.777996587640929">
        <ele>1794.0</ele>
      </trkpt>
      <trkpt lat="45.964580964208885" lon="6.778049958670865">
        <ele>1796.0</ele>
      </trkpt>
      <trkpt lat="45.96464752440728" lon="6.778054528844368">
        <ele>1797.0</ele>
      </trkpt>
      <trkpt lat="45.96469167920514" lon="6.778082123026892">
        <ele>1798.0</ele>
      </trkpt>
      <trkpt lat="45.96471912684521" lon="6.778124083191444">
        <ele>1799.0</ele>
      </trkpt>
      <trkpt lat="45.964714178783964" lon="6.7782452627805885">
        <ele>1799.0</ele>
      </trkpt>
      <trkpt lat="45.96468636144787" lon="6.778349358866783">
        <ele>1799.0</ele>
      </trkpt>
      <trkpt lat="45.96462406294999" lon="6.778460136347055">
        <ele>1799.0</ele>
      </trkpt>
      <trkpt lat="45.96456308944589" lon="6.778585224886431">
        <ele>1800.0</ele>
      </trkpt>
      <trkpt lat="45.96455180671674" lon="6.778680113986381">
        <ele>1800.0</ele>
      </trkpt>
      <trkpt lat="45.96451276982456" lon="6.7787692187637605">
        <ele>1801.0</ele>
      </trkpt>
      <trkpt lat="45.96442285124514" lon="6.778843194260023">
        <ele>1802.0</ele>
      </trkpt>
      <trkpt lat="45.9643772698938" lon="6.778885310203809">
        <ele>1803.0</ele>
      </trkpt>
      <trkpt lat="45.96435768675766" lon="6.77893179708326">
        <ele>1804.0</ele>
      </trkpt>
      <trkpt lat="45.964370732281346" lon="6.779027063883528">
        <ele>1806.0</ele>
      </trkpt>
      <trkpt lat="45.96441902380954" lon="6.779146728279637">
        <ele>1808.0</ele>
      </trkpt>
      <trkpt lat="45.96446162213472" lon="6.779247903307352">
        <ele>1809.0</ele>
      </trkpt>
      <trkpt lat="45.964472658340625" lon="6.7793223483025535">
        <ele>1811.0</ele>
      </trkpt>
      <trkpt lat="45.96446965308344" lon="6.779358339001108">
        <ele>1812.0</ele>
      </trkpt>
      <trkpt lat="45.96446291541079" lon="6.7794250994262555">
        <ele>1813.0</ele>
      </trkpt>
      <trkpt lat="45.964462630265814" lon="6.779568575542629">
        <ele>1814.0</ele>
      </trkpt>
      <trkpt lat="45.9644699014282" lon="6.779620785169269">
        <ele>1815.0</ele>
      </trkpt>
      <trkpt lat="45.96448377040509" lon="6.779664398742822">
        <ele>1816.0</ele>
      </trkpt>
      <trkpt lat="45.964504969691085" lon="6.779677489749686">
        <ele>1816.0</ele>
      </trkpt>
      <trkpt lat="45.96453456573797" lon="6.7796821082654795">
        <ele>1817.0</ele>
      </trkpt>
      <trkpt lat="45.964551100738205" lon="6.7796729020348225">
        <ele>1818.0</ele>
      </trkpt>
      <trkpt lat="45.96458318510127" lon="6.779657007366332">
        <ele>1819.0</ele>
      </trkpt>
      <trkpt lat="45.964643292730784" lon="6.779584863503382">
        <ele>1820.0</ele>
      </trkpt>
      <trkpt lat="45.964668100560345" lon="6.779543906513315">
        <ele>1822.0</ele>
      </trkpt>
      <trkpt lat="45.964707078996994" lon="6.779537534604665">
        <ele>1823.0</ele>
      </trkpt>
      <trkpt lat="45.96473894257609" lon="6.779555236423539">
        <ele>1825.0</ele>
      </trkpt>
      <trkpt lat="45.96478102349148" lon="6.779671889978567">
        <ele>1826.0</ele>
      </trkpt>
      <trkpt lat="45.96482913658191" lon="6.779823862694014">
        <ele>1827.0</ele>
      </trkpt>
      <trkpt lat="45.96484343637352" lon="6.779854578570697">
        <ele>1829.0</ele>
      </trkpt>
      <trkpt lat="45.964871351920074" lon="6.779909499562737">
        <ele>1830.0</ele>
      </trkpt>
      <trkpt lat="45.96495802860339" lon="6.779986556080143">
        <ele>1831.0</ele>
      </trkpt>
      <trkpt lat="45.96501494229626" lon="6.7800370055631065">
        <ele>1832.0</ele>
      </trkpt>
      <trkpt lat="45.9650790947467" lon="6.780086659684687">
        <ele>1834.0</ele>
      </trkpt>
      <trkpt lat="45.96511728660149" lon="6.7801578002684">
        <ele>1835.0</ele>
      </trkpt>
      <trkpt lat="45.965169341638074" lon="6.78029970303851">
        <ele>1837.0</ele>
      </trkpt>
      <trkpt lat="45.965197003929916" lon="6.780335215616571">
        <ele>1839.0</ele>
      </trkpt>
      <trkpt lat="45.96524435151837" lon="6.780456110968639">
        <ele>1841.0</ele>
      </trkpt>
      <trkpt lat="45.96531979216045" lon="6.7805996211865915">
        <ele>1842.0</ele>
      </trkpt>
      <trkpt lat="45.96536161340514" lon="6.7807240156586115">
        <ele>1844.0</ele>
      </trkpt>
      <trkpt lat="45.96537324640089" lon="6.780807552675748">
        <ele>1845.0</ele>
      </trkpt>
      <trkpt lat="45.96540862142315" lon="6.780828082296312">
        <ele>1847.0</ele>
      </trkpt>
      <trkpt lat="45.965444944650194" lon="6.7808202359785845">
        <ele>1848.0</ele>
      </trkpt>
      <trkpt lat="45.965470393788245" lon="6.780787079656781">
        <ele>1849.0</ele>
      </trkpt>
      <trkpt lat="45.96550796689924" lon="6.780741828578118">
        <ele>1850.0</ele>
      </trkpt>
      <trkpt lat="45.96555453459903" lon="6.780697195471202">
        <ele>1851.0</ele>
      </trkpt>
      <trkpt lat="45.965592452460065" lon="6.780641625700581">
        <ele>1852.0</ele>
      </trkpt>
      <trkpt lat="45.965603682565096" lon="6.780602321094025">
        <ele>1853.0</ele>
      </trkpt>
      <trkpt lat="45.965613970098396" lon="6.780564244490959">
        <ele>1854.0</ele>
      </trkpt>
      <trkpt lat="45.96564335620398" lon="6.78054816463194">
        <ele>1855.0</ele>
      </trkpt>
      <trkpt lat="45.96568155894747" lon="6.7805650101237696">
        <ele>1856.0</ele>
      </trkpt>
      <trkpt lat="45.96573966793177" lon="6.780633642003232">
        <ele>1857.0</ele>
      </trkpt>
      <trkpt lat="45.96578034232998" lon="6.7807114183536825">
        <ele>1858.0</ele>
      </trkpt>
      <trkpt lat="45.965813082644765" lon="6.780837775542299">
        <ele>1860.0</ele>
      </trkpt>
      <trkpt lat="45.96581130417999" lon="6.780944954642958">
        <ele>1861.0</ele>
      </trkpt>
      <trkpt lat="45.96584048949529" lon="6.78106977497664">
        <ele>1863.0</ele>
      </trkpt>
      <trkpt lat="45.965859754676664" lon="6.781113760863716">
        <ele>1864.0</ele>
      </trkpt>
      <trkpt lat="45.965876568624495" lon="6.781204118722318">
        <ele>1865.0</ele>
      </trkpt>
      <trkpt lat="45.9659053110418" lon="6.781396133972589">
        <ele>1867.0</ele>
      </trkpt>
      <trkpt lat="45.965904991911614" lon="6.781486607302736">
        <ele>1868.0</ele>
      </trkpt>
      <trkpt lat="45.96589144527899" lon="6.78154126622752">
        <ele>1869.0</ele>
      </trkpt>
      <trkpt lat="45.96586565104917" lon="6.781584741061189">
        <ele>1869.0</ele>
      </trkpt>
      <trkpt lat="45.96580021990356" lon="6.781708230035927">
        <ele>1870.0</ele>
      </trkpt>
      <trkpt lat="45.965762714997126" lon="6.781832345379846">
        <ele>1871.0</ele>
      </trkpt>
      <trkpt lat="45.96577503107146" lon="6.781922394180496">
        <ele>1872.0</ele>
      </trkpt>
      <trkpt lat="45.96579958272448" lon="6.782077923421927">
        <ele>1873.0</ele>
      </trkpt>
      <trkpt lat="45.965802386616744" lon="6.782182831948151">
        <ele>1873.0</ele>
      </trkpt>
      <trkpt lat="45.96583530375477" lon="6.78227688261779">
        <ele>1874.0</ele>
      </trkpt>
      <trkpt lat="45.96586000834335" lon="6.782319950079249">
        <ele>1875.0</ele>
      </trkpt>
      <trkpt lat="45.96588956116474" lon="6.7823258599548">
        <ele>1877.0</ele>
      </trkpt>
      <trkpt lat="45.96594906686082" lon="6.78227177487558">
        <ele>1878.0</ele>
      </trkpt>
      <trkpt lat="45.96599679332058" lon="6.782219465563311">
        <ele>1879.0</ele>
      </trkpt>
      <trkpt lat="45.966038513403014" lon="6.782211991051449">
        <ele>1880.0</ele>
      </trkpt>
      <trkpt lat="45.966077695606735" lon="6.782253468252455">
        <ele>1881.0</ele>
      </trkpt>
      <trkpt lat="45.96609238279061" lon="6.7822725769809855">
        <ele>1883.0</ele>
      </trkpt>
      <trkpt lat="45.96612424594175" lon="6.782290280827854">
        <ele>1884.0</ele>
      </trkpt>
      <trkpt lat="45.96615966981006" lon="6.782282373542763">
        <ele>1885.0</ele>
      </trkpt>
      <trkpt lat="45.966220715707074" lon="6.782236150811485">
        <ele>1886.0</ele>
      </trkpt>
      <trkpt lat="45.96625618866596" lon="6.782199805289599">
        <ele>1887.0</ele>
      </trkpt>
      <trkpt lat="45.966280307591575" lon="6.782179485639854">
        <ele>1887.0</ele>
      </trkpt>
      <trkpt lat="45.96630472235532" lon="6.782177285500044">
        <ele>1888.0</ele>
      </trkpt>
      <trkpt lat="45.96631881190312" lon="6.7821873036064">
        <ele>1889.0</ele>
      </trkpt>
      <trkpt lat="45.96633392428094" lon="6.782220662429545">
        <ele>1890.0</ele>
      </trkpt>
      <trkpt lat="45.96635896183522" lon="6.7823077083693235">
        <ele>1892.0</ele>
      </trkpt>
      <trkpt lat="45.96638125179998" lon="6.782423007144773">
        <ele>1893.0</ele>
      </trkpt>
      <trkpt lat="45.96643501060998" lon="6.78259476710187">
        <ele>1895.0</ele>
      </trkpt>
      <trkpt lat="45.96649306946716" lon="6.782880589825341">
        <ele>1897.0</ele>
      </trkpt>
      <trkpt lat="45.96654680281383" lon="6.783160944565221">
        <ele>1899.0</ele>
      </trkpt>
      <trkpt lat="45.96657345982147" lon="6.783280422835867">
        <ele>1900.0</ele>
      </trkpt>
      <trkpt lat="45.9666120378301" lon="6.783339958987779">
        <ele>1902.0</ele>
      </trkpt>
      <trkpt lat="45.9666608548951" lon="6.783389856814813">
        <ele>1903.0</ele>
      </trkpt>
      <trkpt lat="45.96671722517824" lon="6.7833756336096585">
        <ele>1904.0</ele>
      </trkpt>
      <trkpt lat="45.96675449742119" lon="6.783339412189854">
        <ele>1906.0</ele>
      </trkpt>
      <trkpt lat="45.96679871902501" lon="6.7832571273358235">
        <ele>1907.0</ele>
      </trkpt>
      <trkpt lat="45.9668483559219" lon="6.783093767484904">
        <ele>1909.0</ele>
      </trkpt>
      <trkpt lat="45.96691312318671" lon="6.782882320685129">
        <ele>1911.0</ele>
      </trkpt>
      <trkpt lat="45.966985775672555" lon="6.7826507304657175">
        <ele>1913.0</ele>
      </trkpt>
      <trkpt lat="45.9670172870951" lon="6.782517151113538">
        <ele>1915.0</ele>
      </trkpt>
      <trkpt lat="45.96704980909053" lon="6.78246121011683">
        <ele>1916.0</ele>
      </trkpt>
      <trkpt lat="45.96708896016579" lon="6.782449680582374">
        <ele>1918.0</ele>
      </trkpt>
      <trkpt lat="45.967125406825474" lon="6.782465114312998">
        <ele>1919.0</ele>
      </trkpt>
      <trkpt lat="45.96714916271067" lon="6.782536559682287">
        <ele>1921.0</ele>
      </trkpt>
      <trkpt lat="45.96717911636708" lon="6.782665315296884">
        <ele>1922.0</ele>
      </trkpt>
      <trkpt lat="45.967244906639294" lon="6.782854711885692">
        <ele>1924.0</ele>
      </trkpt>
      <trkpt lat="45.96731356129565" lon="6.783066283898453">
        <ele>1926.0</ele>
      </trkpt>
      <trkpt lat="45.96735422160682" lon="6.783198362058746">
        <ele>1928.0</ele>
      </trkpt>
      <trkpt lat="45.967370861377454" lon="6.7832938824453874">
        <ele>1929.0</ele>
      </trkpt>
      <trkpt lat="45.96738866555838" lon="6.783354576666602">
        <ele>1931.0</ele>
      </trkpt>
      <trkpt lat="45.96740720916876" lon="6.783366194377046">
        <ele>1932.0</ele>
      </trkpt>
      <trkpt lat="45.967433681648686" lon="6.783356379249307">
        <ele>1933.0</ele>
      </trkpt>
      <trkpt lat="45.96745056197885" lon="6.7833368547445">
        <ele>1934.0</ele>
      </trkpt>
      <trkpt lat="45.96746881617936" lon="6.78330320359347">
        <ele>1935.0</ele>
      </trkpt>
      <trkpt lat="45.96747739818469" lon="6.783235273830146">
        <ele>1936.0</ele>
      </trkpt>
      <trkpt lat="45.9675178186378" lon="6.783104891794996">
        <ele>1937.0</ele>
      </trkpt>
      <trkpt lat="45.967575630543074" lon="6.782966655528426">
        <ele>1938.0</ele>
      </trkpt>
      <trkpt lat="45.967616531161866" lon="6.782794935514454">
        <ele>1939.0</ele>
      </trkpt>
      <trkpt lat="45.9676109371187" lon="6.7827195667392575">
        <ele>1940.0</ele>
      </trkpt>
      <trkpt lat="45.96760958159711" lon="6.782652246361984">
        <ele>1941.0</ele>
      </trkpt>
      <trkpt lat="45.96762556842162" lon="6.782605510712899">
        <ele>1941.0</ele>
      </trkpt>
      <trkpt lat="45.96765208395601" lon="6.782594405313614">
        <ele>1942.0</ele>
      </trkpt>
      <trkpt lat="45.96768026297656" lon="6.7826144422352">
        <ele>1943.0</ele>
      </trkpt>
      <trkpt lat="45.967698375454134" lon="6.782638958437608">
        <ele>1944.0</ele>
      </trkpt>
      <trkpt lat="45.96770059341486" lon="6.782680481563935">
        <ele>1944.0</ele>
      </trkpt>
      <trkpt lat="45.96769559123192" lon="6.782830106235928">
        <ele>1945.0</ele>
      </trkpt>
      <trkpt lat="45.96771165837837" lon="6.782996693530393">
        <ele>1946.0</ele>
      </trkpt>
      <trkpt lat="45.967744254355644" lon="6.783181224290129">
        <ele>1947.0</ele>
      </trkpt>
      <trkpt lat="45.9677838856874" lon="6.783317111328105">
        <ele>1949.0</ele>
      </trkpt>
      <trkpt lat="45.967840162706835" lon="6.783521370704949">
        <ele>1950.0</ele>
      </trkpt>
      <trkpt lat="45.96790527408569" lon="6.783677110208774">
        <ele>1952.0</ele>
      </trkpt>
      <trkpt lat="45.96798550987889" lon="6.783811911944126">
        <ele>1954.0</ele>
      </trkpt>
      <trkpt lat="45.96803620554692" lon="6.7838865046311545">
        <ele>1957.0</ele>
      </trkpt>
      <trkpt lat="45.968112558729366" lon="6.784137395884329">
        <ele>1959.0</ele>
      </trkpt>
      <trkpt lat="45.96819396298034" lon="6.784398978058607">
        <ele>1961.0</ele>
      </trkpt>
      <trkpt lat="45.968263212205095" lon="6.78461964667134">
        <ele>1963.0</ele>
      </trkpt>
      <trkpt lat="45.96830446814709" lon="6.784760819292821">
        <ele>1966.0</ele>
      </trkpt>
      <trkpt lat="45.96836325170539" lon="6.784863119544821">
        <ele>1968.0</ele>
      </trkpt>
      <trkpt lat="45.968471887067196" lon="6.784984363702392">
        <ele>1971.0</ele>
      </trkpt>
      <trkpt lat="45.96857937061643" lon="6.7850861362808645">
        <ele>1972.0</ele>
      </trkpt>
      <trkpt lat="45.96862094809577" lon="6.78513683229197">
        <ele>1974.0</ele>
      </trkpt>
      <trkpt lat="45.96864555860291" lon="6.7852096325231015">
        <ele>1975.0</ele>
      </trkpt>
      <trkpt lat="45.968662787350475" lon="6.7853413963989295">
        <ele>1975.0</ele>
      </trkpt>
      <trkpt lat="45.96867184802306" lon="6.785420884081819">
        <ele>1976.0</ele>
      </trkpt>
      <trkpt lat="45.96872994052224" lon="6.78554382395891">
        <ele>1976.0</ele>
      </trkpt>
      <trkpt lat="45.96877626042694" lon="6.785641389735295">
        <ele>1976.0</ele>
      </trkpt>
      <trkpt lat="45.96882554437692" lon="6.7857042523723425">
        <ele>1976.0</ele>
      </trkpt>
      <trkpt lat="45.96889286060643" lon="6.785767063026978">
        <ele>1976.0</ele>
      </trkpt>
      <trkpt lat="45.96895011013535" lon="6.785834352613141">
        <ele>1976.0</ele>
      </trkpt>
      <trkpt lat="45.96900294865135" lon="6.78589875308606">
        <ele>1976.0</ele>
      </trkpt>
      <trkpt lat="45.96904713094495" lon="6.785979365303219">
        <ele>1976.0</ele>
      </trkpt>
      <trkpt lat="45.969132853973406" lon="6.786084814994879">
        <ele>1975.0</ele>
      </trkpt>
      <trkpt lat="45.969171459813865" lon="6.786197365560422">
        <ele>1975.0</ele>
      </trkpt>
      <trkpt lat="45.96921849900122" lon="6.78632730398442">
        <ele>1974.0</ele>
      </trkpt>
      <trkpt lat="45.969268920047135" lon="6.786463939745724">
        <ele>1973.0</ele>
      </trkpt>
      <trkpt lat="45.969325421299665" lon="6.7866074586003275">
        <ele>1972.0</ele>
      </trkpt>
      <trkpt lat="45.969369480636004" lon="6.786664791681952">
        <ele>1971.0</ele>
      </trkpt>
      <trkpt lat="45.96942056293229" lon="6.7867277797247185">
        <ele>1971.0</ele>
      </trkpt>
      <trkpt lat="45.96950468024782" lon="6.7867464979883865">
        <ele>1970.0</ele>
      </trkpt>
      <trkpt lat="45.969574578914305" lon="6.78675906616256">
        <ele>1970.0</ele>
      </trkpt>
      <trkpt lat="45.96961491791822" lon="6.7867928717130335">
        <ele>1970.0</ele>
      </trkpt>
      <trkpt lat="45.96963007210741" lon="6.786824943887232">
        <ele>1969.0</ele>
      </trkpt>
      <trkpt lat="45.96964038364867" lon="6.786867025817412">
        <ele>1969.0</ele>
      </trkpt>
      <trkpt lat="45.96964464377363" lon="6.786955234983688">
        <ele>1968.0</ele>
      </trkpt>
      <trkpt lat="45.96964357914501" lon="6.7870947929202226">
        <ele>1967.0</ele>
      </trkpt>
      <trkpt lat="45.96967014565489" lon="6.787216859636187">
        <ele>1965.0</ele>
      </trkpt>
      <trkpt lat="45.969721810480934" lon="6.7873432399563045">
        <ele>1964.0</ele>
      </trkpt>
      <trkpt lat="45.96973043799317" lon="6.787435628615581">
        <ele>1962.0</ele>
      </trkpt>
      <trkpt lat="45.96973400684798" lon="6.787544476559223">
        <ele>1961.0</ele>
      </trkpt>
      <trkpt lat="45.96975904030882" lon="6.787631530294917">
        <ele>1960.0</ele>
      </trkpt>
      <trkpt lat="45.96981500066473" lon="6.787710370177904">
        <ele>1960.0</ele>
      </trkpt>
      <trkpt lat="45.96985334580905" lon="6.787830662763859">
        <ele>1959.0</ele>
      </trkpt>
      <trkpt lat="45.969865570750414" lon="6.787923299425178">
        <ele>1959.0</ele>
      </trkpt>
      <trkpt lat="45.96987112551014" lon="6.787972811594463">
        <ele>1958.0</ele>
      </trkpt>
      <trkpt lat="45.96988608450367" lon="6.78809149433075">
        <ele>1958.0</ele>
      </trkpt>
      <trkpt lat="45.96990895089645" lon="6.788270194479738">
        <ele>1958.0</ele>
      </trkpt>
      <trkpt lat="45.969923441985486" lon="6.78837591628865">
        <ele>1957.0</ele>
      </trkpt>
      <trkpt lat="45.96992465706704" lon="6.788474259544076">
        <ele>1957.0</ele>
      </trkpt>
      <trkpt lat="45.969925577244794" lon="6.788554482050141">
        <ele>1957.0</ele>
      </trkpt>
      <trkpt lat="45.96994205477118" lon="6.788600867838916">
        <ele>1957.0</ele>
      </trkpt>
      <trkpt lat="45.96995725163745" lon="6.788631650785093">
        <ele>1958.0</ele>
      </trkpt>
      <trkpt lat="45.96998084592859" lon="6.788653961777327">
        <ele>1958.0</ele>
      </trkpt>
      <trkpt lat="45.97000992333253" lon="6.788674064586165">
        <ele>1959.0</ele>
      </trkpt>
      <trkpt lat="45.97007230872792" lon="6.788749469711815">
        <ele>1960.0</ele>
      </trkpt>
      <trkpt lat="45.97018933737549" lon="6.788862253329269">
        <ele>1961.0</ele>
      </trkpt>
      <trkpt lat="45.970227574493094" lon="6.788904966369105">
        <ele>1961.0</ele>
      </trkpt>
      <trkpt lat="45.970239986522834" lon="6.78893814357436">
        <ele>1962.0</ele>
      </trkpt>
      <trkpt lat="45.97024090637196" lon="6.7890183665476105">
        <ele>1963.0</ele>
      </trkpt>
      <trkpt lat="45.970228283496596" lon="6.7891261005692245">
        <ele>1964.0</ele>
      </trkpt>
      <trkpt lat="45.970176859131236" lon="6.789369502048579">
        <ele>1965.0</ele>
      </trkpt>
      <trkpt lat="45.97015613309631" lon="6.789503828572429">
        <ele>1966.0</ele>
      </trkpt>
      <trkpt lat="45.97015667148846" lon="6.789568510437994">
        <ele>1967.0</ele>
      </trkpt>
      <trkpt lat="45.97017827837352" lon="6.789650158260363">
        <ele>1968.0</ele>
      </trkpt>
      <trkpt lat="45.9702073478313" lon="6.789697411968256">
        <ele>1969.0</ele>
      </trkpt>
      <trkpt lat="45.97026455960746" lon="6.7897388468408355">
        <ele>1969.0</ele>
      </trkpt>
      <trkpt lat="45.9703585626469" lon="6.789785401891362">
        <ele>1970.0</ele>
      </trkpt>
      <trkpt lat="45.97038447405213" lon="6.789792358352643">
        <ele>1971.0</ele>
      </trkpt>
      <trkpt lat="45.97048987537736" lon="6.789821598106837">
        <ele>1971.0</ele>
      </trkpt>
      <trkpt lat="45.97058375658371" lon="6.789844872792357">
        <ele>1972.0</ele>
      </trkpt>
      <trkpt lat="45.970698117060145" lon="6.789848871733103">
        <ele>1973.0</ele>
      </trkpt>
      <trkpt lat="45.97076502240236" lon="6.789843137204558">
        <ele>1974.0</ele>
      </trkpt>
      <trkpt lat="45.97080675078834" lon="6.789808517225657">
        <ele>1975.0</ele>
      </trkpt>
      <trkpt lat="45.97085116973668" lon="6.789801233685375">
        <ele>1976.0</ele>
      </trkpt>
      <trkpt lat="45.970899092302744" lon="6.789823928481834">
        <ele>1976.0</ele>
      </trkpt>
      <trkpt lat="45.97094190492629" lon="6.789891523322637">
        <ele>1976.0</ele>
      </trkpt>
      <trkpt lat="45.97105478079582" lon="6.789993681814386">
        <ele>1976.0</ele>
      </trkpt>
      <trkpt lat="45.97109799002041" lon="6.790022516762256">
        <ele>1975.0</ele>
      </trkpt>
      <trkpt lat="45.97112055496578" lon="6.790048636677422">
        <ele>1975.0</ele>
      </trkpt>
      <trkpt lat="45.97115159599145" lon="6.790090855558708">
        <ele>1974.0</ele>
      </trkpt>
      <trkpt lat="45.97119449486872" lon="6.790155871029122">
        <ele>1974.0</ele>
      </trkpt>
      <trkpt lat="45.97125748417915" lon="6.79021322022063">
        <ele>1973.0</ele>
      </trkpt>
      <trkpt lat="45.97131345855381" lon="6.790237763180713">
        <ele>1973.0</ele>
      </trkpt>
      <trkpt lat="45.97133392999089" lon="6.790245638127783">
        <ele>1973.0</ele>
      </trkpt>
      <trkpt lat="45.97136386335946" lon="6.79026709418528">
        <ele>1973.0</ele>
      </trkpt>
      <trkpt lat="45.971413836075065" lon="6.79030932473354">
        <ele>1973.0</ele>
      </trkpt>
      <trkpt lat="45.97143875365095" lon="6.790345950414756">
        <ele>1973.0</ele>
      </trkpt>
      <trkpt lat="45.97147257140935" lon="6.790412926636679">
        <ele>1973.0</ele>
      </trkpt>
      <trkpt lat="45.971506632459935" lon="6.790526465117627">
        <ele>1972.0</ele>
      </trkpt>
      <trkpt lat="45.97155894976674" lon="6.790606352509622">
        <ele>1972.0</ele>
      </trkpt>
      <trkpt lat="45.97159072518922" lon="6.790626642842762">
        <ele>1972.0</ele>
      </trkpt>
      <trkpt lat="45.97162644412572" lon="6.790636861460557">
        <ele>1973.0</ele>
      </trkpt>
      <trkpt lat="45.97168503835026" lon="6.790637019815576">
        <ele>1973.0</ele>
      </trkpt>
      <trkpt lat="45.97181806329217" lon="6.790675922797246">
        <ele>1973.0</ele>
      </trkpt>
      <trkpt lat="45.97192573062423" lon="6.790718250532954">
        <ele>1974.0</ele>
      </trkpt>
      <trkpt lat="45.97195000789264" lon="6.790747074997703">
        <ele>1974.0</ele>
      </trkpt>
      <trkpt lat="45.97196751361709" lon="6.79078965523895">
        <ele>1974.0</ele>
      </trkpt>
      <trkpt lat="45.972001115039966" lon="6.790863082188211">
        <ele>1974.0</ele>
      </trkpt>
      <trkpt lat="45.972035615870254" lon="6.790936571205002">
        <ele>1974.0</ele>
      </trkpt>
      <trkpt lat="45.97208941308766" lon="6.791079915920142">
        <ele>1974.0</ele>
      </trkpt>
      <trkpt lat="45.97216527244596" lon="6.7912105588765215">
        <ele>1974.0</ele>
      </trkpt>
      <trkpt lat="45.97226895518494" lon="6.791398716323919">
        <ele>1975.0</ele>
      </trkpt>
      <trkpt lat="45.97234148389598" lon="6.7914942210222184">
        <ele>1975.0</ele>
      </trkpt>
      <trkpt lat="45.97245268084747" lon="6.791619542909124">
        <ele>1976.0</ele>
      </trkpt>
      <trkpt lat="45.972478929689764" lon="6.791643332135671">
        <ele>1976.0</ele>
      </trkpt>
      <trkpt lat="45.97255163935004" lon="6.791706526165733">
        <ele>1977.0</ele>
      </trkpt>
      <trkpt lat="45.972598524141524" lon="6.791760182736623">
        <ele>1977.0</ele>
      </trkpt>
      <trkpt lat="45.97262600993571" lon="6.79180086576908">
        <ele>1978.0</ele>
      </trkpt>
      <trkpt lat="45.97267485820336" lon="6.791876638088105">
        <ele>1979.0</ele>
      </trkpt>
      <trkpt lat="45.97275578419167" lon="6.791963672226957">
        <ele>1979.0</ele>
      </trkpt>
      <trkpt lat="45.97281620390557" lon="6.792016969181941">
        <ele>1979.0</ele>
      </trkpt>
      <trkpt lat="45.97284034281916" lon="6.792076816227617">
        <ele>1979.0</ele>
      </trkpt>
      <trkpt lat="45.972870501775134" lon="6.792199140432639">
        <ele>1979.0</ele>
      </trkpt>
      <trkpt lat="45.97291679072724" lon="6.79237817405496">
        <ele>1978.0</ele>
      </trkpt>
      <trkpt lat="45.972976087169336" lon="6.7925994795478815">
        <ele>1977.0</ele>
      </trkpt>
      <trkpt lat="45.973053527502366" lon="6.792736700646114">
        <ele>1977.0</ele>
      </trkpt>
      <trkpt lat="45.97314814376949" lon="6.792872520360587">
        <ele>1976.0</ele>
      </trkpt>
      <trkpt lat="45.973178518060216" lon="6.792988395744204">
        <ele>1976.0</ele>
      </trkpt>
      <trkpt lat="45.97320520793667" lon="6.7931066031746425">
        <ele>1976.0</ele>
      </trkpt>
      <trkpt lat="45.9732318544482" lon="6.7932261007089805">
        <ele>1976.0</ele>
      </trkpt>
      <trkpt lat="45.97323576367875" lon="6.793324636035574">
        <ele>1977.0</ele>
      </trkpt>
      <trkpt lat="45.97325018945596" lon="6.793485959154051">
        <ele>1977.0</ele>
      </trkpt>
      <trkpt lat="45.973258258466544" lon="6.7935679727568905">
        <ele>1978.0</ele>
      </trkpt>
      <trkpt lat="45.97324157518128" lon="6.7936353498311846">
        <ele>1979.0</ele>
      </trkpt>
      <trkpt lat="45.97320922065505" lon="6.793686130564391">
        <ele>1979.0</ele>
      </trkpt>
      <trkpt lat="45.97314432152917" lon="6.793712686540056">
        <ele>1980.0</ele>
      </trkpt>
      <trkpt lat="45.97305496416308" lon="6.793742727721304">
        <ele>1981.0</ele>
      </trkpt>
      <trkpt lat="45.973009204282604" lon="6.793789997866843">
        <ele>1981.0</ele>
      </trkpt>
      <trkpt lat="45.97298210789176" lon="6.793872172070819">
        <ele>1982.0</ele>
      </trkpt>
      <trkpt lat="45.97300045985779" lon="6.793943257792459">
        <ele>1983.0</ele>
      </trkpt>
      <trkpt lat="45.97305537134848" lon="6.794005810463686">
        <ele>1984.0</ele>
      </trkpt>
      <trkpt lat="45.97305603537016" lon="6.794006566887979">
        <ele>1985.0</ele>
      </trkpt>
      <trkpt lat="45.97312014725232" lon="6.794030382787443">
        <ele>1987.0</ele>
      </trkpt>
      <trkpt lat="45.97320092504911" lon="6.79404112541804">
        <ele>1988.0</ele>
      </trkpt>
      <trkpt lat="45.97324195389487" lon="6.794054298708552">
        <ele>1989.0</ele>
      </trkpt>
      <trkpt lat="45.97327492208732" lon="6.794092775567898">
        <ele>1990.0</ele>
      </trkpt>
      <trkpt lat="45.97330625552992" lon="6.794153120277329">
        <ele>1992.0</ele>
      </trkpt>
      <trkpt lat="45.97336746056903" lon="6.794290517759741">
        <ele>1993.0</ele>
      </trkpt>
      <trkpt lat="45.97341697255092" lon="6.7944271090731">
        <ele>1995.0</ele>
      </trkpt>
      <trkpt lat="45.973480019420414" lon="6.79456334121995">
        <ele>1996.0</ele>
      </trkpt>
      <trkpt lat="45.97354581671143" lon="6.794671317860149">
        <ele>1997.0</ele>
      </trkpt>
      <trkpt lat="45.97361995953845" lon="6.794799265140651">
        <ele>1998.0</ele>
      </trkpt>
      <trkpt lat="45.97367587164122" lon="6.7948794078358405">
        <ele>1999.0</ele>
      </trkpt>
      <trkpt lat="45.973708450205336" lon="6.794929495484691">
        <ele>2000.0</ele>
      </trkpt>
      <trkpt lat="45.97373777702762" lon="6.794969015011153">
        <ele>2001.0</ele>
      </trkpt>
      <trkpt lat="45.97379374132451" lon="6.795020715980571">
        <ele>2002.0</ele>
      </trkpt>
      <trkpt lat="45.97384059034114" lon="6.7950485144945825">
        <ele>2002.0</ele>
      </trkpt>
      <trkpt lat="45.973889661819534" lon="6.795090689234568">
        <ele>2003.0</ele>
      </trkpt>
      <trkpt lat="45.97390368881118" lon="6.795156306274893">
        <ele>2003.0</ele>
      </trkpt>
      <trkpt lat="45.97394395474396" lon="6.7952728670683635">
        <ele>2004.0</ele>
      </trkpt>
      <trkpt lat="45.97401839975482" lon="6.7953917860420985">
        <ele>2005.0</ele>
      </trkpt>
      <trkpt lat="45.97409773131081" lon="6.795499405542146">
        <ele>2006.0</ele>
      </trkpt>
      <trkpt lat="45.974197889162475" lon="6.795577430357164">
        <ele>2008.0</ele>
      </trkpt>
      <trkpt lat="45.97430730109966" lon="6.795648335956171">
        <ele>2009.0</ele>
      </trkpt>
      <trkpt lat="45.974398887805954" lon="6.795739992971132">
        <ele>2010.0</ele>
      </trkpt>
      <trkpt lat="45.97447471700724" lon="6.795817633036071">
        <ele>2011.0</ele>
      </trkpt>
      <trkpt lat="45.97455486106583" lon="6.795927896140303">
        <ele>2011.0</ele>
      </trkpt>
      <trkpt lat="45.9746735083679" lon="6.796045988410702">
        <ele>2012.0</ele>
      </trkpt>
      <trkpt lat="45.97475982786303" lon="6.796133404232722">
        <ele>2012.0</ele>
      </trkpt>
      <trkpt lat="45.974790573017195" lon="6.796157506939723">
        <ele>2013.0</ele>
      </trkpt>
      <trkpt lat="45.974857555902865" lon="6.796176352194328">
        <ele>2013.0</ele>
      </trkpt>
      <trkpt lat="45.97488081183298" lon="6.796181836005802">
        <ele>2014.0</ele>
      </trkpt>
      <trkpt lat="45.97495176333035" lon="6.7962436246234805">
        <ele>2015.0</ele>
      </trkpt>
      <trkpt lat="45.97504613446424" lon="6.796332889851415">
        <ele>2015.0</ele>
      </trkpt>
      <trkpt lat="45.975134555586656" lon="6.796411400637328">
        <ele>2016.0</ele>
      </trkpt>
      <trkpt lat="45.97520683919504" lon="6.796460351577389">
        <ele>2017.0</ele>
      </trkpt>
      <trkpt lat="45.975249743819674" lon="6.796498224013141">
        <ele>2017.0</ele>
      </trkpt>
      <trkpt lat="45.975278387038195" lon="6.796531233235307">
        <ele>2018.0</ele>
      </trkpt>
      <trkpt lat="45.97531416373135" lon="6.79662033475207">
        <ele>2018.0</ele>
      </trkpt>
      <trkpt lat="45.97539129621753" lon="6.796766597593183">
        <ele>2018.0</ele>
      </trkpt>
      <trkpt lat="45.97544005459555" lon="6.796844958200235">
        <ele>2018.0</ele>
      </trkpt>
      <trkpt lat="45.97547965477016" lon="6.796900705406575">
        <ele>2018.0</ele>
      </trkpt>
      <trkpt lat="45.97548391659642" lon="6.796961771802372">
        <ele>2018.0</ele>
      </trkpt>
      <trkpt lat="45.97548937130465" lon="6.79704102291897">
        <ele>2018.0</ele>
      </trkpt>
      <trkpt lat="45.97551694683709" lon="6.797186452277134">
        <ele>2017.0</ele>
      </trkpt>
      <trkpt lat="45.97556118848039" lon="6.797318808888398">
        <ele>2016.0</ele>
      </trkpt>
      <trkpt lat="45.97563438557352" lon="6.79744799237191">
        <ele>2016.0</ele>
      </trkpt>
      <trkpt lat="45.975678006514414" lon="6.797518241131015">
        <ele>2016.0</ele>
      </trkpt>
      <trkpt lat="45.97570086310943" lon="6.797562488993729">
        <ele>2016.0</ele>
      </trkpt>
      <trkpt lat="45.97571340247576" lon="6.797591801316934">
        <ele>2016.0</ele>
      </trkpt>
      <trkpt lat="45.97574673973381" lon="6.797672977681788">
        <ele>2016.0</ele>
      </trkpt>
      <trkpt lat="45.975795064552955" lon="6.797764240055433">
        <ele>2017.0</ele>
      </trkpt>
      <trkpt lat="45.97584090741604" lon="6.797848866069651">
        <ele>2017.0</ele>
      </trkpt>
      <trkpt lat="45.97586204182877" lon="6.7979175630025095">
        <ele>2017.0</ele>
      </trkpt>
      <trkpt lat="45.97584788112652" lon="6.797990288424673">
        <ele>2018.0</ele>
      </trkpt>
      <trkpt lat="45.97583639497827" lon="6.798010184000748">
        <ele>2018.0</ele>
      </trkpt>
      <trkpt lat="45.9757907199111" lon="6.798054872896467">
        <ele>2018.0</ele>
      </trkpt>
      <trkpt lat="45.97571359754617" lon="6.798123251221715">
        <ele>2018.0</ele>
      </trkpt>
      <trkpt lat="45.97569516575239" lon="6.7981620626703565">
        <ele>2018.0</ele>
      </trkpt>
      <trkpt lat="45.975697964566336" lon="6.7982398378627025">
        <ele>2018.0</ele>
      </trkpt>
      <trkpt lat="45.975757523015716" lon="6.798533589647055">
        <ele>2018.0</ele>
      </trkpt>
      <trkpt lat="45.975785029864056" lon="6.7986272944506165">
        <ele>2018.0</ele>
      </trkpt>
      <trkpt lat="45.97588324680901" lon="6.7987362263688">
        <ele>2018.0</ele>
      </trkpt>
      <trkpt lat="45.97593907946993" lon="6.798791803327482">
        <ele>2018.0</ele>
      </trkpt>
      <trkpt lat="45.97595516305192" lon="6.798849807684728">
        <ele>2018.0</ele>
      </trkpt>
      <trkpt lat="45.97594891359197" lon="6.79895540532998">
        <ele>2017.0</ele>
      </trkpt>
      <trkpt lat="45.97593546842915" lon="6.799060506030986">
        <ele>2017.0</ele>
      </trkpt>
      <trkpt lat="45.97594191776945" lon="6.7991100868981675">
        <ele>2017.0</ele>
      </trkpt>
      <trkpt lat="45.97596224862709" lon="6.799148989089651">
        <ele>2017.0</ele>
      </trkpt>
      <trkpt lat="45.976048922259025" lon="6.799198938238322">
        <ele>2017.0</ele>
      </trkpt>
      <trkpt lat="45.97615320514806" lon="6.799234587156773">
        <ele>2017.0</ele>
      </trkpt>
      <trkpt lat="45.976231110856425" lon="6.7992503118792404">
        <ele>2017.0</ele>
      </trkpt>
      <trkpt lat="45.97624811379446" lon="6.799254072240815">
        <ele>2017.0</ele>
      </trkpt>
      <trkpt lat="45.97631539933622" lon="6.7992638913642995">
        <ele>2018.0</ele>
      </trkpt>
      <trkpt lat="45.97633384461858" lon="6.799305249752025">
        <ele>2018.0</ele>
      </trkpt>
      <trkpt lat="45.976334647367494" lon="6.799335045306979">
        <ele>2018.0</ele>
      </trkpt>
      <trkpt lat="45.976315252198106" lon="6.799429391346801">
        <ele>2018.0</ele>
      </trkpt>
      <trkpt lat="45.97629594357662" lon="6.799521157207871">
        <ele>2018.0</ele>
      </trkpt>
      <trkpt lat="45.976290136781174" lon="6.799586701572303">
        <ele>2018.0</ele>
      </trkpt>
      <trkpt lat="45.97628568553455" lon="6.79969242402789">
        <ele>2018.0</ele>
      </trkpt>
      <trkpt lat="45.97627436217327" lon="6.799734312476348">
        <ele>2017.0</ele>
      </trkpt>
      <trkpt lat="45.97625841159721" lon="6.7997797604373424">
        <ele>2016.0</ele>
      </trkpt>
      <trkpt lat="45.976213884980154" lon="6.799843923272832">
        <ele>2015.0</ele>
      </trkpt>
      <trkpt lat="45.97618414960115" lon="6.799870316345339">
        <ele>2014.0</ele>
      </trkpt>
      <trkpt lat="45.97606559788865" lon="6.79996427789679">
        <ele>2013.0</ele>
      </trkpt>
      <trkpt lat="45.97591328993436" lon="6.800070130699703">
        <ele>2012.0</ele>
      </trkpt>
      <trkpt lat="45.97584632022379" lon="6.800131449541305">
        <ele>2010.0</ele>
      </trkpt>
      <trkpt lat="45.97579131568522" lon="6.8002660048196235">
        <ele>2009.0</ele>
      </trkpt>
      <trkpt lat="45.97575548003339" lon="6.800339818373013">
        <ele>2007.0</ele>
      </trkpt>
      <trkpt lat="45.97567034788721" lon="6.800405054141373">
        <ele>2006.0</ele>
      </trkpt>
      <trkpt lat="45.97559600910073" lon="6.800471035360078">
        <ele>2004.0</ele>
      </trkpt>
      <trkpt lat="45.97555087554315" lon="6.800553257394878">
        <ele>2003.0</ele>
      </trkpt>
      <trkpt lat="45.97550956674436" lon="6.800602124757921">
        <ele>2002.0</ele>
      </trkpt>
      <trkpt lat="45.97549563134946" lon="6.800641245934557">
        <ele>2002.0</ele>
      </trkpt>
      <trkpt lat="45.97544996564774" lon="6.800658779486387">
        <ele>2001.0</ele>
      </trkpt>
      <trkpt lat="45.97540280432837" lon="6.800667158487359">
        <ele>2001.0</ele>
      </trkpt>
      <trkpt lat="45.97535989070129" lon="6.800656435537543">
        <ele>2000.0</ele>
      </trkpt>
      <trkpt lat="45.97530512131815" lon="6.800622912096806">
        <ele>1999.0</ele>
      </trkpt>
      <trkpt lat="45.97521064616119" lon="6.800590524688207">
        <ele>1998.0</ele>
      </trkpt>
      <trkpt lat="45.97510772934641" lon="6.8005678983635915">
        <ele>1997.0</ele>
      </trkpt>
      <trkpt lat="45.97503527421493" lon="6.800524102222072">
        <ele>1996.0</ele>
      </trkpt>
      <trkpt lat="45.974940592766536" lon="6.800471012626589">
        <ele>1994.0</ele>
      </trkpt>
      <trkpt lat="45.974873501314875" lon="6.8004017269843615">
        <ele>1993.0</ele>
      </trkpt>
      <trkpt lat="45.97474907195797" lon="6.800294862269983">
        <ele>1991.0</ele>
      </trkpt>
      <trkpt lat="45.97462775347532" lon="6.800229589227372">
        <ele>1989.0</ele>
      </trkpt>
      <trkpt lat="45.97452510680092" lon="6.800172071303951">
        <ele>1987.0</ele>
      </trkpt>
      <trkpt lat="45.974449400276725" lon="6.800117707524481">
        <ele>1985.0</ele>
      </trkpt>
      <trkpt lat="45.974418959203305" lon="6.800084572673391">
        <ele>1984.0</ele>
      </trkpt>
      <trkpt lat="45.974350675077496" lon="6.799997103758468">
        <ele>1982.0</ele>
      </trkpt>
      <trkpt lat="45.974265637651484" lon="6.799925286881666">
        <ele>1981.0</ele>
      </trkpt>
      <trkpt lat="45.97414821997508" lon="6.799851233692014">
        <ele>1980.0</ele>
      </trkpt>
      <trkpt lat="45.97404331810691" lon="6.799753478378036">
        <ele>1980.0</ele>
      </trkpt>
      <trkpt lat="45.974008932601414" lon="6.799730415497366">
        <ele>1979.0</ele>
      </trkpt>
      <trkpt lat="45.973920513778864" lon="6.799651900986296">
        <ele>1979.0</ele>
      </trkpt>
      <trkpt lat="45.9738447738335" lon="6.799571676424722">
        <ele>1978.0</ele>
      </trkpt>
      <trkpt lat="45.973757827531635" lon="6.799449302515189">
        <ele>1978.0</ele>
      </trkpt>
      <trkpt lat="45.973681621106586" lon="6.799356116401824">
        <ele>1978.0</ele>
      </trkpt>
      <trkpt lat="45.973559899172194" lon="6.799222290757689">
        <ele>1977.0</ele>
      </trkpt>
      <trkpt lat="45.97344755133472" lon="6.799104628821592">
        <ele>1977.0</ele>
      </trkpt>
      <trkpt lat="45.97331597845293" lon="6.798968831098997">
        <ele>1977.0</ele>
      </trkpt>
      <trkpt lat="45.97323761630451" lon="6.798912993854213">
        <ele>1976.0</ele>
      </trkpt>
      <trkpt lat="45.973133213364136" lon="6.798854065638091">
        <ele>1975.0</ele>
      </trkpt>
      <trkpt lat="45.97303803137399" lon="6.798762157122493">
        <ele>1974.0</ele>
      </trkpt>
      <trkpt lat="45.972909536246526" lon="6.798642089376435">
        <ele>1973.0</ele>
      </trkpt>
      <trkpt lat="45.97273993594438" lon="6.798484274080148">
        <ele>1972.0</ele>
      </trkpt>
      <trkpt lat="45.97260433151426" lon="6.798361130892449">
        <ele>1972.0</ele>
      </trkpt>
      <trkpt lat="45.97254586324527" lon="6.798249778565504">
        <ele>1971.0</ele>
      </trkpt>
      <trkpt lat="45.97244053681511" lon="6.798137777415843">
        <ele>1971.0</ele>
      </trkpt>
      <trkpt lat="45.97235823985835" lon="6.798064862221567">
        <ele>1971.0</ele>
      </trkpt>
      <trkpt lat="45.97222874819517" lon="6.797974466713226">
        <ele>1971.0</ele>
      </trkpt>
      <trkpt lat="45.972115869791494" lon="6.7978994409228966">
        <ele>1970.0</ele>
      </trkpt>
      <trkpt lat="45.97202603071894" lon="6.797836349450593">
        <ele>1970.0</ele>
      </trkpt>
      <trkpt lat="45.97189735173815" lon="6.797748597023062">
        <ele>1969.0</ele>
      </trkpt>
      <trkpt lat="45.97185598667676" lon="6.797718589816874">
        <ele>1968.0</ele>
      </trkpt>
      <trkpt lat="45.97180674300694" lon="6.797681574102184">
        <ele>1968.0</ele>
      </trkpt>
      <trkpt lat="45.97176002451151" lon="6.797649904520611">
        <ele>1967.0</ele>
      </trkpt>
      <trkpt lat="45.971704744408235" lon="6.797604714625238">
        <ele>1967.0</ele>
      </trkpt>
      <trkpt lat="45.97169101221555" lon="6.797557220964435">
        <ele>1966.0</ele>
      </trkpt>
      <trkpt lat="45.97166644329531" lon="6.797510272258067">
        <ele>1966.0</ele>
      </trkpt>
      <trkpt lat="45.97165142200277" lon="6.797474326110189">
        <ele>1965.0</ele>
      </trkpt>
      <trkpt lat="45.971633918791774" lon="6.79743174398818">
        <ele>1964.0</ele>
      </trkpt>
      <trkpt lat="45.97160244761285" lon="6.797402420077045">
        <ele>1963.0</ele>
      </trkpt>
      <trkpt lat="45.97151311811834" lon="6.797351001598107">
        <ele>1962.0</ele>
      </trkpt>
      <trkpt lat="45.97145257105026" lon="6.797301569884467">
        <ele>1960.0</ele>
      </trkpt>
      <trkpt lat="45.9714118647634" lon="6.797225063210779">
        <ele>1959.0</ele>
      </trkpt>
      <trkpt lat="45.97136773376298" lon="6.7971431485655165">
        <ele>1958.0</ele>
      </trkpt>
      <trkpt lat="45.9713223907113" lon="6.797097352414766">
        <ele>1957.0</ele>
      </trkpt>
      <trkpt lat="45.971240680006794" lon="6.797060682719735">
        <ele>1956.0</ele>
      </trkpt>
      <trkpt lat="45.97119203257941" lon="6.79703275965316">
        <ele>1956.0</ele>
      </trkpt>
      <trkpt lat="45.97111956655393" lon="6.797016122027991">
        <ele>1955.0</ele>
      </trkpt>
      <trkpt lat="45.97104174710009" lon="6.796997822056587">
        <ele>1954.0</ele>
      </trkpt>
      <trkpt lat="45.970957424576035" lon="6.796958386604688">
        <ele>1953.0</ele>
      </trkpt>
      <trkpt lat="45.97090214419637" lon="6.796913198062336">
        <ele>1953.0</ele>
      </trkpt>
      <trkpt lat="45.9708588934432" lon="6.796885647740339">
        <ele>1952.0</ele>
      </trkpt>
      <trkpt lat="45.97081855745309" lon="6.796851834031958">
        <ele>1952.0</ele>
      </trkpt>
      <trkpt lat="45.97078878897768" lon="6.796852365476791">
        <ele>1952.0</ele>
      </trkpt>
      <trkpt lat="45.97074236374548" lon="6.796838818250903">
        <ele>1952.0</ele>
      </trkpt>
      <trkpt lat="45.970670373797795" lon="6.796807991825858">
        <ele>1952.0</ele>
      </trkpt>
      <trkpt lat="45.97059282347026" lon="6.796754802260083">
        <ele>1953.0</ele>
      </trkpt>
      <trkpt lat="45.970513777181424" lon="6.7966924592432205">
        <ele>1954.0</ele>
      </trkpt>
      <trkpt lat="45.9704228554228" lon="6.796661619596299">
        <ele>1955.0</ele>
      </trkpt>
      <trkpt lat="45.97033168340687" lon="6.796611369202153">
        <ele>1956.0</ele>
      </trkpt>
      <trkpt lat="45.97018204699013" lon="6.796557084573555">
        <ele>1956.0</ele>
      </trkpt>
      <trkpt lat="45.97006161639475" lon="6.796519037475272">
        <ele>1957.0</ele>
      </trkpt>
      <trkpt lat="45.96998471510602" lon="6.79644650024447">
        <ele>1957.0</ele>
      </trkpt>
      <trkpt lat="45.969888121748745" lon="6.7963428678419255">
        <ele>1958.0</ele>
      </trkpt>
      <trkpt lat="45.96983540964959" lon="6.7963017367060905">
        <ele>1958.0</ele>
      </trkpt>
      <trkpt lat="45.96976144754578" lon="6.796275946988432">
        <ele>1959.0</ele>
      </trkpt>
      <trkpt lat="45.96959929584923" lon="6.796245365168913">
        <ele>1960.0</ele>
      </trkpt>
      <trkpt lat="45.96946369495251" lon="6.796229544353302">
        <ele>1961.0</ele>
      </trkpt>
      <trkpt lat="45.96938470692531" lon="6.796246073257963">
        <ele>1963.0</ele>
      </trkpt>
      <trkpt lat="45.96927024142443" lon="6.796298940589572">
        <ele>1964.0</ele>
      </trkpt>
      <trkpt lat="45.96916862789077" lon="6.796344937235523">
        <ele>1965.0</ele>
      </trkpt>
      <trkpt lat="45.96906307968531" lon="6.796373854834565">
        <ele>1966.0</ele>
      </trkpt>
      <trkpt lat="45.96894876271521" lon="6.796368552573957">
        <ele>1967.0</ele>
      </trkpt>
      <trkpt lat="45.968845878958" lon="6.796371796458378">
        <ele>1968.0</ele>
      </trkpt>
      <trkpt lat="45.968767064019694" lon="6.7963831654446825">
        <ele>1968.0</ele>
      </trkpt>
      <trkpt lat="45.96871787833893" lon="6.796425021934904">
        <ele>1969.0</ele>
      </trkpt>
      <trkpt lat="45.96864936196316" lon="6.796505623322617">
        <ele>1969.0</ele>
      </trkpt>
      <trkpt lat="45.9685963187526" lon="6.796554970619688">
        <ele>1969.0</ele>
      </trkpt>
      <trkpt lat="45.96857039834424" lon="6.796575160694592">
        <ele>1969.0</ele>
      </trkpt>
      <trkpt lat="45.96853519929642" lon="6.796549460272124">
        <ele>1969.0</ele>
      </trkpt>
      <trkpt lat="45.968491645499846" lon="6.796530940549702">
        <ele>1969.0</ele>
      </trkpt>
      <trkpt lat="45.96841284935943" lon="6.796488010405138">
        <ele>1969.0</ele>
      </trkpt>
      <trkpt lat="45.968380911265946" lon="6.79644572795376">
        <ele>1969.0</ele>
      </trkpt>
      <trkpt lat="45.968312138899144" lon="6.7963996110959854">
        <ele>1968.0</ele>
      </trkpt>
      <trkpt lat="45.96820316019377" lon="6.796315813033903">
        <ele>1967.0</ele>
      </trkpt>
      <trkpt lat="45.96808339733593" lon="6.79620412133138">
        <ele>1966.0</ele>
      </trkpt>
      <trkpt lat="45.96802147428826" lon="6.796168820413412">
        <ele>1965.0</ele>
      </trkpt>
      <trkpt lat="45.96792181751053" lon="6.7961296232689685">
        <ele>1964.0</ele>
      </trkpt>
      <trkpt lat="45.967861433698495" lon="6.796102185820639">
        <ele>1963.0</ele>
      </trkpt>
      <trkpt lat="45.967814921826935" lon="6.79609121966776">
        <ele>1962.0</ele>
      </trkpt>
      <trkpt lat="45.96773824270556" lon="6.796119543173496">
        <ele>1962.0</ele>
      </trkpt>
      <trkpt lat="45.9676216414804" lon="6.796155454889824">
        <ele>1961.0</ele>
      </trkpt>
      <trkpt lat="45.967545144766746" lon="6.796151469804516">
        <ele>1960.0</ele>
      </trkpt>
      <trkpt lat="45.96751350015683" lon="6.796127308214824">
        <ele>1959.0</ele>
      </trkpt>
      <trkpt lat="45.96748237483239" lon="6.796087668424858">
        <ele>1958.0</ele>
      </trkpt>
      <trkpt lat="45.96744316371526" lon="6.796020321236638">
        <ele>1957.0</ele>
      </trkpt>
      <trkpt lat="45.967408777447275" lon="6.795997263451709">
        <ele>1955.0</ele>
      </trkpt>
      <trkpt lat="45.96734449288373" lon="6.795978607129264">
        <ele>1954.0</ele>
      </trkpt>
      <trkpt lat="45.96719872286262" lon="6.795889687489511">
        <ele>1952.0</ele>
      </trkpt>
      <trkpt lat="45.967104827350525" lon="6.795786247461882">
        <ele>1951.0</ele>
      </trkpt>
      <trkpt lat="45.96702648205303" lon="6.795676123581728">
        <ele>1949.0</ele>
      </trkpt>
      <trkpt lat="45.96699896357378" lon="6.795609583875467">
        <ele>1948.0</ele>
      </trkpt>
      <trkpt lat="45.96696913610848" lon="6.795531249526559">
        <ele>1947.0</ele>
      </trkpt>
      <trkpt lat="45.96692880887233" lon="6.795470290515551">
        <ele>1946.0</ele>
      </trkpt>
      <trkpt lat="45.96691779241914" lon="6.795368690286723">
        <ele>1945.0</ele>
      </trkpt>
      <trkpt lat="45.96690685329387" lon="6.79529165909216">
        <ele>1944.0</ele>
      </trkpt>
      <trkpt lat="45.96688888245373" lon="6.79523612089947">
        <ele>1943.0</ele>
      </trkpt>
      <trkpt lat="45.96683091211273" lon="6.795163602665231">
        <ele>1942.0</ele>
      </trkpt>
      <trkpt lat="45.966761508415104" lon="6.7950825390483205">
        <ele>1941.0</ele>
      </trkpt>
      <trkpt lat="45.96669219118289" lon="6.794998895966376">
        <ele>1940.0</ele>
      </trkpt>
      <trkpt lat="45.966609425356005" lon="6.7949130327102925">
        <ele>1938.0</ele>
      </trkpt>
      <trkpt lat="45.9664843076545" lon="6.794799685252809">
        <ele>1937.0</ele>
      </trkpt>
      <trkpt lat="45.96640703388286" lon="6.794684466737193">
        <ele>1936.0</ele>
      </trkpt>
      <trkpt lat="45.96632791783092" lon="6.79457041430981">
        <ele>1935.0</ele>
      </trkpt>
      <trkpt lat="45.96621343801873" lon="6.794408675190509">
        <ele>1934.0</ele>
      </trkpt>
      <trkpt lat="45.966085561541696" lon="6.794216278454393">
        <ele>1933.0</ele>
      </trkpt>
      <trkpt lat="45.966029735469306" lon="6.794133567840061">
        <ele>1933.0</ele>
      </trkpt>
      <trkpt lat="45.96599777088407" lon="6.794038281954144">
        <ele>1933.0</ele>
      </trkpt>
      <trkpt lat="45.965980093378796" lon="6.794000864571649">
        <ele>1933.0</ele>
      </trkpt>
      <trkpt lat="45.96593992952531" lon="6.793961896700877">
        <ele>1933.0</ele>
      </trkpt>
      <trkpt lat="45.965902022731285" lon="6.793963161294062">
        <ele>1934.0</ele>
      </trkpt>
      <trkpt lat="45.96585798396543" lon="6.793985980634451">
        <ele>1935.0</ele>
      </trkpt>
      <trkpt lat="45.96577533757632" lon="6.794057849635236">
        <ele>1936.0</ele>
      </trkpt>
      <trkpt lat="45.96569299390401" lon="6.794120689736478">
        <ele>1937.0</ele>
      </trkpt>
      <trkpt lat="45.96560598876623" lon="6.794161230739345">
        <ele>1938.0</ele>
      </trkpt>
      <trkpt lat="45.96554122812651" lon="6.794156765063632">
        <ele>1939.0</ele>
      </trkpt>
      <trkpt lat="45.96547896725723" lon="6.794104638564647">
        <ele>1940.0</ele>
      </trkpt>
      <trkpt lat="45.965429791253165" lon="6.794119346646134">
        <ele>1941.0</ele>
      </trkpt>
      <trkpt lat="45.965385925463444" lon="6.794137006446837">
        <ele>1941.0</ele>
      </trkpt>
      <trkpt lat="45.965325964852106" lon="6.794123822306661">
        <ele>1942.0</ele>
      </trkpt>
      <trkpt lat="45.96526241525303" lon="6.794083242244594">
        <ele>1943.0</ele>
      </trkpt>
      <trkpt lat="45.9651997739038" lon="6.794015576465945">
        <ele>1944.0</ele>
      </trkpt>
      <trkpt lat="45.965130187591946" lon="6.793966823689948">
        <ele>1944.0</ele>
      </trkpt>
      <trkpt lat="45.96510041912854" lon="6.79396735663953">
        <ele>1945.0</ele>
      </trkpt>
      <trkpt lat="45.965096259063785" lon="6.793983875936698">
        <ele>1946.0</ele>
      </trkpt>
      <trkpt lat="45.96507231102139" lon="6.793999030788766">
        <ele>1947.0</ele>
      </trkpt>
      <trkpt lat="45.96504027670031" lon="6.79398647969231">
        <ele>1948.0</ele>
      </trkpt>
      <trkpt lat="45.96496284600193" lon="6.793956577867836">
        <ele>1950.0</ele>
      </trkpt>
      <trkpt lat="45.96490666496796" lon="6.793911335239918">
        <ele>1952.0</ele>
      </trkpt>
      <trkpt lat="45.96487630857385" lon="6.793875629976036">
        <ele>1954.0</ele>
      </trkpt>
      <trkpt lat="45.964832918561605" lon="6.793879102081243">
        <ele>1956.0</ele>
      </trkpt>
      <trkpt lat="45.96480263110966" lon="6.793895112571133">
        <ele>1958.0</ele>
      </trkpt>
      <trkpt lat="45.96472848668166" lon="6.793901635200271">
        <ele>1960.0</ele>
      </trkpt>
      <trkpt lat="45.96469504268394" lon="6.793877352104018">
        <ele>1961.0</ele>
      </trkpt>
      <trkpt lat="45.96463885285115" lon="6.793859257331655">
        <ele>1961.0</ele>
      </trkpt>
      <trkpt lat="45.96460104132208" lon="6.793830794856356">
        <ele>1962.0</ele>
      </trkpt>
      <trkpt lat="45.964550083967154" lon="6.793791083892045">
        <ele>1962.0</ele>
      </trkpt>
      <trkpt lat="45.96447705523862" lon="6.793791219728715">
        <ele>1962.0</ele>
      </trkpt>
      <trkpt lat="45.96442115061799" lon="6.793818391533391">
        <ele>1962.0</ele>
      </trkpt>
      <trkpt lat="45.96436990748357" lon="6.793867861664169">
        <ele>1962.0</ele>
      </trkpt>
      <trkpt lat="45.96431892382371" lon="6.793909593023151">
        <ele>1962.0</ele>
      </trkpt>
      <trkpt lat="45.96428207190457" lon="6.793960055274074">
        <ele>1961.0</ele>
      </trkpt>
      <trkpt lat="45.96426689334596" lon="6.7940094263651725">
        <ele>1961.0</ele>
      </trkpt>
      <trkpt lat="45.96425929965165" lon="6.794047685584287">
        <ele>1960.0</ele>
      </trkpt>
      <trkpt lat="45.964214568847744" lon="6.794091140614573">
        <ele>1960.0</ele>
      </trkpt>
      <trkpt lat="45.964191130979486" lon="6.794117965189508">
        <ele>1959.0</ele>
      </trkpt>
      <trkpt lat="45.96418610585204" lon="6.79416027973598">
        <ele>1959.0</ele>
      </trkpt>
      <trkpt lat="45.96418210992003" lon="6.794198786967571">
        <ele>1958.0</ele>
      </trkpt>
      <trkpt lat="45.9641500235161" lon="6.794214673047243">
        <ele>1958.0</ele>
      </trkpt>
      <trkpt lat="45.964123896117336" lon="6.794214164168436">
        <ele>1958.0</ele>
      </trkpt>
      <trkpt lat="45.96409717203439" lon="6.7942045648459155">
        <ele>1957.0</ele>
      </trkpt>
      <trkpt lat="45.964033301993624" lon="6.7942273085199085">
        <ele>1957.0</ele>
      </trkpt>
      <trkpt lat="45.96396451101282" lon="6.7942354925181405">
        <ele>1956.0</ele>
      </trkpt>
      <trkpt lat="45.96395153824859" lon="6.794219084924503">
        <ele>1956.0</ele>
      </trkpt>
      <trkpt lat="45.96392858499015" lon="6.794204574636292">
        <ele>1955.0</ele>
      </trkpt>
      <trkpt lat="45.96389585864897" lon="6.794212659998222">
        <ele>1954.0</ele>
      </trkpt>
      <trkpt lat="45.96379322560847" lon="6.794235316146254">
        <ele>1953.0</ele>
      </trkpt>
      <trkpt lat="45.96370379045422" lon="6.794240783814906">
        <ele>1952.0</ele>
      </trkpt>
      <trkpt lat="45.9636443056357" lon="6.794213412561463">
        <ele>1951.0</ele>
      </trkpt>
      <trkpt lat="45.96359339166688" lon="6.794172412170271">
        <ele>1951.0</ele>
      </trkpt>
      <trkpt lat="45.96355475842564" lon="6.794168455495998">
        <ele>1950.0</ele>
      </trkpt>
      <trkpt lat="45.96349239337923" lon="6.794173204363978">
        <ele>1950.0</ele>
      </trkpt>
      <trkpt lat="45.96341577567855" lon="6.794145944655295">
        <ele>1950.0</ele>
      </trkpt>
      <trkpt lat="45.963356680101725" lon="6.794106965832131">
        <ele>1950.0</ele>
      </trkpt>
      <trkpt lat="45.96328960236261" lon="6.7939834087397735">
        <ele>1950.0</ele>
      </trkpt>
      <trkpt lat="45.96322346719087" lon="6.793858624209828">
        <ele>1951.0</ele>
      </trkpt>
      <trkpt lat="45.96314722165544" lon="6.793739606593326">
        <ele>1951.0</ele>
      </trkpt>
      <trkpt lat="45.963092934661816" lon="6.79366476340882">
        <ele>1951.0</ele>
      </trkpt>
      <trkpt lat="45.963092331882535" lon="6.793664082846029">
        <ele>1951.0</ele>
      </trkpt>
      <trkpt lat="45.963092934661816" lon="6.79366476340882">
        <ele>1951.0</ele>
      </trkpt>
      <trkpt lat="45.96314722165544" lon="6.793739606593326">
        <ele>1951.0</ele>
      </trkpt>
      <trkpt lat="45.96322346719087" lon="6.793858624209828">
        <ele>1951.0</ele>
      </trkpt>
      <trkpt lat="45.96328960236261" lon="6.7939834087397735">
        <ele>1950.0</ele>
      </trkpt>
      <trkpt lat="45.963356680101725" lon="6.794106965832131">
        <ele>1950.0</ele>
      </trkpt>
      <trkpt lat="45.96341577567855" lon="6.794145944655295">
        <ele>1950.0</ele>
      </trkpt>
      <trkpt lat="45.96349239337923" lon="6.794173204363978">
        <ele>1950.0</ele>
      </trkpt>
      <trkpt lat="45.96355475842564" lon="6.794168455495998">
        <ele>1950.0</ele>
      </trkpt>
      <trkpt lat="45.96359339166688" lon="6.794172412170271">
        <ele>1951.0</ele>
      </trkpt>
      <trkpt lat="45.9636443056357" lon="6.794213412561463">
        <ele>1951.0</ele>
      </trkpt>
      <trkpt lat="45.96370379045422" lon="6.794240783814906">
        <ele>1952.0</ele>
      </trkpt>
      <trkpt lat="45.96379322560847" lon="6.794235316146254">
        <ele>1953.0</ele>
      </trkpt>
      <trkpt lat="45.96389585864897" lon="6.794212659998222">
        <ele>1954.0</ele>
      </trkpt>
      <trkpt lat="45.96392858499015" lon="6.794204574636292">
        <ele>1955.0</ele>
      </trkpt>
      <trkpt lat="45.96395153824859" lon="6.794219084924503">
        <ele>1956.0</ele>
      </trkpt>
      <trkpt lat="45.96396451101282" lon="6.7942354925181405">
        <ele>1956.0</ele>
      </trkpt>
      <trkpt lat="45.964033301993624" lon="6.7942273085199085">
        <ele>1957.0</ele>
      </trkpt>
      <trkpt lat="45.96409717203439" lon="6.7942045648459155">
        <ele>1957.0</ele>
      </trkpt>
      <trkpt lat="45.964123896117336" lon="6.794214164168436">
        <ele>1958.0</ele>
      </trkpt>
      <trkpt lat="45.9641500235161" lon="6.794214673047243">
        <ele>1958.0</ele>
      </trkpt>
      <trkpt lat="45.96418210992003" lon="6.794198786967571">
        <ele>1958.0</ele>
      </trkpt>
      <trkpt lat="45.96418610585204" lon="6.79416027973598">
        <ele>1959.0</ele>
      </trkpt>
      <trkpt lat="45.964191130979486" lon="6.794117965189508">
        <ele>1959.0</ele>
      </trkpt>
      <trkpt lat="45.964214568847744" lon="6.794091140614573">
        <ele>1960.0</ele>
      </trkpt>
      <trkpt lat="45.96425929965165" lon="6.794047685584287">
        <ele>1960.0</ele>
      </trkpt>
      <trkpt lat="45.96426689334596" lon="6.7940094263651725">
        <ele>1961.0</ele>
      </trkpt>
      <trkpt lat="45.96428207190457" lon="6.793960055274074">
        <ele>1961.0</ele>
      </trkpt>
      <trkpt lat="45.96431892382371" lon="6.793909593023151">
        <ele>1962.0</ele>
      </trkpt>
      <trkpt lat="45.96436990748357" lon="6.793867861664169">
        <ele>1962.0</ele>
      </trkpt>
      <trkpt lat="45.96442115061799" lon="6.793818391533391">
        <ele>1962.0</ele>
      </trkpt>
      <trkpt lat="45.96447705523862" lon="6.793791219728715">
        <ele>1962.0</ele>
      </trkpt>
      <trkpt lat="45.964550083967154" lon="6.793791083892045">
        <ele>1962.0</ele>
      </trkpt>
      <trkpt lat="45.96460104132208" lon="6.793830794856356">
        <ele>1962.0</ele>
      </trkpt>
      <trkpt lat="45.96463885285115" lon="6.793859257331655">
        <ele>1961.0</ele>
      </trkpt>
      <trkpt lat="45.96469504268394" lon="6.793877352104018">
        <ele>1961.0</ele>
      </trkpt>
      <trkpt lat="45.96472848668166" lon="6.793901635200271">
        <ele>1960.0</ele>
      </trkpt>
      <trkpt lat="45.96480263110966" lon="6.793895112571133">
        <ele>1958.0</ele>
      </trkpt>
      <trkpt lat="45.964832918561605" lon="6.793879102081243">
        <ele>1956.0</ele>
      </trkpt>
      <trkpt lat="45.96487630857385" lon="6.793875629976036">
        <ele>1954.0</ele>
      </trkpt>
      <trkpt lat="45.96490666496796" lon="6.793911335239918">
        <ele>1952.0</ele>
      </trkpt>
      <trkpt lat="45.96496284600193" lon="6.793956577867836">
        <ele>1950.0</ele>
      </trkpt>
      <trkpt lat="45.96504027670031" lon="6.79398647969231">
        <ele>1948.0</ele>
      </trkpt>
      <trkpt lat="45.96507231102139" lon="6.793999030788766">
        <ele>1947.0</ele>
      </trkpt>
      <trkpt lat="45.965096259063785" lon="6.793983875936698">
        <ele>1946.0</ele>
      </trkpt>
      <trkpt lat="45.96510041912854" lon="6.79396735663953">
        <ele>1945.0</ele>
      </trkpt>
      <trkpt lat="45.965130187591946" lon="6.793966823689948">
        <ele>1944.0</ele>
      </trkpt>
      <trkpt lat="45.9651997739038" lon="6.794015576465945">
        <ele>1944.0</ele>
      </trkpt>
      <trkpt lat="45.96526241525303" lon="6.794083242244594">
        <ele>1943.0</ele>
      </trkpt>
      <trkpt lat="45.965325964852106" lon="6.794123822306661">
        <ele>1942.0</ele>
      </trkpt>
      <trkpt lat="45.965385925463444" lon="6.794137006446837">
        <ele>1941.0</ele>
      </trkpt>
      <trkpt lat="45.965429791253165" lon="6.794119346646134">
        <ele>1941.0</ele>
      </trkpt>
      <trkpt lat="45.96547896725723" lon="6.794104638564647">
        <ele>1940.0</ele>
      </trkpt>
      <trkpt lat="45.96554122812651" lon="6.794156765063632">
        <ele>1939.0</ele>
      </trkpt>
      <trkpt lat="45.96560598876623" lon="6.794161230739345">
        <ele>1938.0</ele>
      </trkpt>
      <trkpt lat="45.96569299390401" lon="6.794120689736478">
        <ele>1937.0</ele>
      </trkpt>
      <trkpt lat="45.96577533757632" lon="6.794057849635236">
        <ele>1936.0</ele>
      </trkpt>
      <trkpt lat="45.96585798396543" lon="6.793985980634451">
        <ele>1935.0</ele>
      </trkpt>
      <trkpt lat="45.965902022731285" lon="6.793963161294062">
        <ele>1934.0</ele>
      </trkpt>
      <trkpt lat="45.96593992952531" lon="6.793961896700877">
        <ele>1933.0</ele>
      </trkpt>
      <trkpt lat="45.965980093378796" lon="6.794000864571649">
        <ele>1932.0</ele>
      </trkpt>
      <trkpt lat="45.96599777088407" lon="6.794038281954144">
        <ele>1932.0</ele>
      </trkpt>
      <trkpt lat="45.965997788497496" lon="6.793983985504868">
        <ele>1932.0</ele>
      </trkpt>
      <trkpt lat="45.96600996593683" lon="6.793943455531378">
        <ele>1932.0</ele>
      </trkpt>
      <trkpt lat="45.96600813256774" lon="6.79391747308064">
        <ele>1932.0</ele>
      </trkpt>
      <trkpt lat="45.9659951252858" lon="6.7938752065488694">
        <ele>1932.0</ele>
      </trkpt>
      <trkpt lat="45.965992842449744" lon="6.793781967452101">
        <ele>1932.0</ele>
      </trkpt>
      <trkpt lat="45.96598812965979" lon="6.793519203899144">
        <ele>1931.0</ele>
      </trkpt>
      <trkpt lat="45.966002079941504" lon="6.793425791221303">
        <ele>1931.0</ele>
      </trkpt>
      <trkpt lat="45.96601686905556" lon="6.793388026794898">
        <ele>1931.0</ele>
      </trkpt>
      <trkpt lat="45.96603474570433" lon="6.79333883999465">
        <ele>1931.0</ele>
      </trkpt>
      <trkpt lat="45.96605764713371" lon="6.793247337102207">
        <ele>1931.0</ele>
      </trkpt>
      <trkpt lat="45.96611019582546" lon="6.793132021923195">
        <ele>1930.0</ele>
      </trkpt>
      <trkpt lat="45.96613864961019" lon="6.793090028148616">
        <ele>1930.0</ele>
      </trkpt>
      <trkpt lat="45.96615625811346" lon="6.793075728387838">
        <ele>1929.0</ele>
      </trkpt>
      <trkpt lat="45.966179600675474" lon="6.793078630374838">
        <ele>1929.0</ele>
      </trkpt>
      <trkpt lat="45.966209706468995" lon="6.79309492666441">
        <ele>1929.0</ele>
      </trkpt>
      <trkpt lat="45.96625905529905" lon="6.793075058155497">
        <ele>1928.0</ele>
      </trkpt>
      <trkpt lat="45.966288953477346" lon="6.793070655232031">
        <ele>1928.0</ele>
      </trkpt>
      <trkpt lat="45.9663063890196" lon="6.793061514734759">
        <ele>1927.0</ele>
      </trkpt>
      <trkpt lat="45.966309441871594" lon="6.793024233756833">
        <ele>1926.0</ele>
      </trkpt>
      <trkpt lat="45.96631223527815" lon="6.792994691739022">
        <ele>1925.0</ele>
      </trkpt>
      <trkpt lat="45.966332931279354" lon="6.792968969466526">
        <ele>1924.0</ele>
      </trkpt>
      <trkpt lat="45.96636822617736" lon="6.792964938507498">
        <ele>1923.0</ele>
      </trkpt>
      <trkpt lat="45.96641936533811" lon="6.792972342266344">
        <ele>1923.0</ele>
      </trkpt>
      <trkpt lat="45.966443944706526" lon="6.79299213602932">
        <ele>1922.0</ele>
      </trkpt>
      <trkpt lat="45.966460385746835" lon="6.793012661590971">
        <ele>1922.0</ele>
      </trkpt>
      <trkpt lat="45.96648081375266" lon="6.793021826706914">
        <ele>1921.0</ele>
      </trkpt>
      <trkpt lat="45.96651384268158" lon="6.793004711433132">
        <ele>1921.0</ele>
      </trkpt>
      <trkpt lat="45.966567645526695" lon="6.792986442593058">
        <ele>1920.0</ele>
      </trkpt>
      <trkpt lat="45.96658444104011" lon="6.792969501015199">
        <ele>1919.0</ele>
      </trkpt>
      <trkpt lat="45.96660033709701" lon="6.792952497422279">
        <ele>1918.0</ele>
      </trkpt>
      <trkpt lat="45.96662207079945" lon="6.7928958189670245">
        <ele>1917.0</ele>
      </trkpt>
      <trkpt lat="45.96662938701028" lon="6.792785141183045">
        <ele>1916.0</ele>
      </trkpt>
      <trkpt lat="45.96662392082635" lon="6.7927330517735465">
        <ele>1915.0</ele>
      </trkpt>
      <trkpt lat="45.96662337575371" lon="6.792695522560204">
        <ele>1913.0</ele>
      </trkpt>
      <trkpt lat="45.96664005000251" lon="6.792655301840843">
        <ele>1912.0</ele>
      </trkpt>
      <trkpt lat="45.9666641012762" lon="6.792583269194371">
        <ele>1911.0</ele>
      </trkpt>
      <trkpt lat="45.966661800479294" lon="6.792544326122923">
        <ele>1910.0</ele>
      </trkpt>
      <trkpt lat="45.966659456435636" lon="6.792506672890616">
        <ele>1909.0</ele>
      </trkpt>
      <trkpt lat="45.966673683213926" lon="6.792485675637734">
        <ele>1909.0</ele>
      </trkpt>
      <trkpt lat="45.96671695192134" lon="6.792458923250742">
        <ele>1908.0</ele>
      </trkpt>
      <trkpt lat="45.96676077421621" lon="6.792442551524646">
        <ele>1907.0</ele>
      </trkpt>
      <trkpt lat="45.966791796411485" lon="6.792404612402604">
        <ele>1906.0</ele>
      </trkpt>
      <trkpt lat="45.96681566619134" lon="6.792364887434992">
        <ele>1905.0</ele>
      </trkpt>
      <trkpt lat="45.966830290427104" lon="6.792305132890423">
        <ele>1904.0</ele>
      </trkpt>
      <trkpt lat="45.966836300776585" lon="6.7922602984559735">
        <ele>1903.0</ele>
      </trkpt>
      <trkpt lat="45.96686235010685" lon="6.792236237463235">
        <ele>1902.0</ele>
      </trkpt>
      <trkpt lat="45.9668813334868" lon="6.792207810980222">
        <ele>1901.0</ele>
      </trkpt>
      <trkpt lat="45.96689629511245" lon="6.792164886256881">
        <ele>1900.0</ele>
      </trkpt>
      <trkpt lat="45.966915659178305" lon="6.792151999829623">
        <ele>1899.0</ele>
      </trkpt>
      <trkpt lat="45.96695035719707" lon="6.792138877411426">
        <ele>1898.0</ele>
      </trkpt>
      <trkpt lat="45.966989033737306" lon="6.792141543061822">
        <ele>1897.0</ele>
      </trkpt>
      <trkpt lat="45.967022365135584" lon="6.792115398189239">
        <ele>1897.0</ele>
      </trkpt>
      <trkpt lat="45.96704751498057" lon="6.792091275055488">
        <ele>1896.0</ele>
      </trkpt>
      <trkpt lat="45.96708876854401" lon="6.792070847426861">
        <ele>1895.0</ele>
      </trkpt>
      <trkpt lat="45.967111133559825" lon="6.792049117965817">
        <ele>1894.0</ele>
      </trkpt>
      <trkpt lat="45.96712232439662" lon="6.79201110444929">
        <ele>1892.0</ele>
      </trkpt>
      <trkpt lat="45.96712585240188" lon="6.791959634541175">
        <ele>1891.0</ele>
      </trkpt>
      <trkpt lat="45.967132416255815" lon="6.791925180596161">
        <ele>1890.0</ele>
      </trkpt>
      <trkpt lat="45.96713401563442" lon="6.7918774562402">
        <ele>1889.0</ele>
      </trkpt>
      <trkpt lat="45.96712563454112" lon="6.791831629719431">
        <ele>1887.0</ele>
      </trkpt>
      <trkpt lat="45.96709909143631" lon="6.791789722875091">
        <ele>1886.0</ele>
      </trkpt>
      <trkpt lat="45.967082874563374" lon="6.791735599448616">
        <ele>1884.0</ele>
      </trkpt>
      <trkpt lat="45.96706143383216" lon="6.7916759447633455">
        <ele>1883.0</ele>
      </trkpt>
      <trkpt lat="45.967041489416125" lon="6.791625443010051">
        <ele>1881.0</ele>
      </trkpt>
      <trkpt lat="45.96704128975896" lon="6.791577594758671">
        <ele>1879.0</ele>
      </trkpt>
      <trkpt lat="45.967048156052876" lon="6.791534111900797">
        <ele>1878.0</ele>
      </trkpt>
      <trkpt lat="45.96704620886699" lon="6.7914577010937185">
        <ele>1876.0</ele>
      </trkpt>
      <trkpt lat="45.96705679441034" lon="6.791437745346464">
        <ele>1875.0</ele>
      </trkpt>
      <trkpt lat="45.96709294548729" lon="6.7914350651802975">
        <ele>1875.0</ele>
      </trkpt>
      <trkpt lat="45.96713285907721" lon="6.791454622325976">
        <ele>1874.0</ele>
      </trkpt>
      <trkpt lat="45.96716998785619" lon="6.79147657325367">
        <ele>1874.0</ele>
      </trkpt>
      <trkpt lat="45.96719825174865" lon="6.791494034846621">
        <ele>1874.0</ele>
      </trkpt>
      <trkpt lat="45.96722129179771" lon="6.791505965166891">
        <ele>1873.0</ele>
      </trkpt>
      <trkpt lat="45.96726793377965" lon="6.7915130577756075">
        <ele>1872.0</ele>
      </trkpt>
      <trkpt lat="45.96729745110481" lon="6.791493113722045">
        <ele>1871.0</ele>
      </trkpt>
      <trkpt lat="45.96733678418165" lon="6.7914492822622705">
        <ele>1869.0</ele>
      </trkpt>
      <trkpt lat="45.96737259767923" lon="6.79142977201456">
        <ele>1868.0</ele>
      </trkpt>
      <trkpt lat="45.967388285582224" lon="6.79139206809223">
        <ele>1866.0</ele>
      </trkpt>
      <trkpt lat="45.96739335289517" lon="6.791348460978369">
        <ele>1864.0</ele>
      </trkpt>
      <trkpt lat="45.96741802715716" lon="6.791338525732204">
        <ele>1862.0</ele>
      </trkpt>
      <trkpt lat="45.967471224653956" lon="6.791338312945738">
        <ele>1861.0</ele>
      </trkpt>
      <trkpt lat="45.967507548608324" lon="6.7913304732674336">
        <ele>1859.0</ele>
      </trkpt>
      <trkpt lat="45.967540482677975" lon="6.791343085360559">
        <ele>1858.0</ele>
      </trkpt>
      <trkpt lat="45.9675640332151" lon="6.791366686393342">
        <ele>1856.0</ele>
      </trkpt>
      <trkpt lat="45.967585620131295" lon="6.791368173911604">
        <ele>1854.0</ele>
      </trkpt>
      <trkpt lat="45.96760833077273" lon="6.791336125096893">
        <ele>1852.0</ele>
      </trkpt>
      <trkpt lat="45.967635754777525" lon="6.791297936852055">
        <ele>1850.0</ele>
      </trkpt>
      <trkpt lat="45.96769431393714" lon="6.791272236698632">
        <ele>1848.0</ele>
      </trkpt>
      <trkpt lat="45.96771950682134" lon="6.7912468230236795">
        <ele>1847.0</ele>
      </trkpt>
      <trkpt lat="45.96772962505944" lon="6.791213906394475">
        <ele>1845.0</ele>
      </trkpt>
      <trkpt lat="45.96772342344425" lon="6.791183743751835">
        <ele>1845.0</ele>
      </trkpt>
      <trkpt lat="45.967691267280884" lon="6.791147914212242">
        <ele>1844.0</ele>
      </trkpt>
      <trkpt lat="45.96767379679482" lon="6.791131196354624">
        <ele>1843.0</ele>
      </trkpt>
      <trkpt lat="45.96766986134847" lon="6.791114118285506">
        <ele>1843.0</ele>
      </trkpt>
      <trkpt lat="45.96769878166868" lon="6.791085082867518">
        <ele>1842.0</ele>
      </trkpt>
      <trkpt lat="45.96774398669988" lon="6.791027434158691">
        <ele>1841.0</ele>
      </trkpt>
      <trkpt lat="45.96776382601507" lon="6.7910003586408445">
        <ele>1840.0</ele>
      </trkpt>
      <trkpt lat="45.96775869666132" lon="6.790965098525803">
        <ele>1839.0</ele>
      </trkpt>
      <trkpt lat="45.96773216129909" lon="6.790896042537134">
        <ele>1838.0</ele>
      </trkpt>
      <trkpt lat="45.96769140746923" lon="6.790820835629827">
        <ele>1836.0</ele>
      </trkpt>
      <trkpt lat="45.96766371328344" lon="6.790759456989825">
        <ele>1835.0</ele>
      </trkpt>
      <trkpt lat="45.96762064190034" lon="6.79069960465744">
        <ele>1833.0</ele>
      </trkpt>
      <trkpt lat="45.9675788940623" lon="6.790654064802554">
        <ele>1832.0</ele>
      </trkpt>
      <trkpt lat="45.967546003128014" lon="6.79064016325463">
        <ele>1831.0</ele>
      </trkpt>
      <trkpt lat="45.9675223580191" lon="6.790646291232312">
        <ele>1831.0</ele>
      </trkpt>
      <trkpt lat="45.967489769567436" lon="6.790623360705657">
        <ele>1830.0</ele>
      </trkpt>
      <trkpt lat="45.96743671768178" lon="6.790565406746998">
        <ele>1829.0</ele>
      </trkpt>
      <trkpt lat="45.9674149818251" lon="6.7904876321962115">
        <ele>1828.0</ele>
      </trkpt>
      <trkpt lat="45.967401392162614" lon="6.790381976611508">
        <ele>1827.0</ele>
      </trkpt>
      <trkpt lat="45.96739185968091" lon="6.790316678348914">
        <ele>1826.0</ele>
      </trkpt>
      <trkpt lat="45.96735837170704" lon="6.790293686109538">
        <ele>1825.0</ele>
      </trkpt>
      <trkpt lat="45.967326985094154" lon="6.790261788848655">
        <ele>1825.0</ele>
      </trkpt>
      <trkpt lat="45.967303528639924" lon="6.790208459815543">
        <ele>1824.0</ele>
      </trkpt>
      <trkpt lat="45.96729685936887" lon="6.790165337032925">
        <ele>1824.0</ele>
      </trkpt>
      <trkpt lat="45.967266717825346" lon="6.790123183024474">
        <ele>1824.0</ele>
      </trkpt>
      <trkpt lat="45.96724924718793" lon="6.790106465620885">
        <ele>1824.0</ele>
      </trkpt>
      <trkpt lat="45.96722219283828" lon="6.790052888896982">
        <ele>1824.0</ele>
      </trkpt>
      <trkpt lat="45.96714354736609" lon="6.789924653094467">
        <ele>1824.0</ele>
      </trkpt>
      <trkpt lat="45.96707829937891" lon="6.7898270754175165">
        <ele>1825.0</ele>
      </trkpt>
      <trkpt lat="45.967017576215156" lon="6.789782815344244">
        <ele>1825.0</ele>
      </trkpt>
      <trkpt lat="45.96696254439736" lon="6.789757046869216">
        <ele>1825.0</ele>
      </trkpt>
      <trkpt lat="45.9669114128084" lon="6.789722497347751">
        <ele>1825.0</ele>
      </trkpt>
      <trkpt lat="45.9668640319143" lon="6.789602880211414">
        <ele>1825.0</ele>
      </trkpt>
      <trkpt lat="45.96683693412664" lon="6.789550593952119">
        <ele>1824.0</ele>
      </trkpt>
      <trkpt lat="45.96680083402824" lon="6.789524836880287">
        <ele>1824.0</ele>
      </trkpt>
      <trkpt lat="45.966771850895164" lon="6.7894750065050635">
        <ele>1824.0</ele>
      </trkpt>
      <trkpt lat="45.96673879473496" lon="6.789439116635043">
        <ele>1824.0</ele>
      </trkpt>
      <trkpt lat="45.966718668826935" lon="6.789420923927505">
        <ele>1824.0</ele>
      </trkpt>
      <trkpt lat="45.96667917916297" lon="6.789415618576529">
        <ele>1825.0</ele>
      </trkpt>
      <trkpt lat="45.966649237928756" lon="6.789421313353857">
        <ele>1826.0</ele>
      </trkpt>
      <trkpt lat="45.966637674596356" lon="6.789416638528383">
        <ele>1827.0</ele>
      </trkpt>
      <trkpt lat="45.966603797657946" lon="6.789405255684523">
        <ele>1828.0</ele>
      </trkpt>
      <trkpt lat="45.966567230046984" lon="6.789366538508914">
        <ele>1828.0</ele>
      </trkpt>
      <trkpt lat="45.96654003807166" lon="6.789343980811634">
        <ele>1829.0</ele>
      </trkpt>
      <trkpt lat="45.966508953569345" lon="6.789303055722062">
        <ele>1829.0</ele>
      </trkpt>
      <trkpt lat="45.9664946208122" lon="6.7892464778270725">
        <ele>1829.0</ele>
      </trkpt>
      <trkpt lat="45.96645467130144" lon="6.789201063891731">
        <ele>1829.0</ele>
      </trkpt>
      <trkpt lat="45.96641194465377" lon="6.7891308954306915">
        <ele>1828.0</ele>
      </trkpt>
      <trkpt lat="45.96639225826822" lon="6.789072656201037">
        <ele>1828.0</ele>
      </trkpt>
      <trkpt lat="45.96634635804395" lon="6.789016490243742">
        <ele>1827.0</ele>
      </trkpt>
      <trkpt lat="45.966308207353215" lon="6.788971200476254">
        <ele>1826.0</ele>
      </trkpt>
      <trkpt lat="45.96626047255565" lon="6.788889052286931">
        <ele>1825.0</ele>
      </trkpt>
      <trkpt lat="45.96618777643285" lon="6.788771572559108">
        <ele>1824.0</ele>
      </trkpt>
      <trkpt lat="45.966130492989286" lon="6.788678424830453">
        <ele>1823.0</ele>
      </trkpt>
      <trkpt lat="45.96610198456353" lon="6.788614407422794">
        <ele>1822.0</ele>
      </trkpt>
      <trkpt lat="45.96608378700198" lon="6.7885924696166375">
        <ele>1821.0</ele>
      </trkpt>
      <trkpt lat="45.96606451722564" lon="6.788575629192595">
        <ele>1820.0</ele>
      </trkpt>
      <trkpt lat="45.96606041613759" lon="6.788536562848726">
        <ele>1818.0</ele>
      </trkpt>
      <trkpt lat="45.96606552553856" lon="6.788491666698576">
        <ele>1817.0</ele>
      </trkpt>
      <trkpt lat="45.96604394606406" lon="6.788463032100845">
        <ele>1816.0</ele>
      </trkpt>
      <trkpt lat="45.966035218094284" lon="6.7884275256027875">
        <ele>1814.0</ele>
      </trkpt>
      <trkpt lat="45.96598226635053" lon="6.788312699208434">
        <ele>1813.0</ele>
      </trkpt>
      <trkpt lat="45.96595688051003" lon="6.788263117921564">
        <ele>1811.0</ele>
      </trkpt>
      <trkpt lat="45.9659260547239" lon="6.788214454943162">
        <ele>1810.0</ele>
      </trkpt>
      <trkpt lat="45.96590594343107" lon="6.788141966591326">
        <ele>1809.0</ele>
      </trkpt>
      <trkpt lat="45.965879924539784" lon="6.788057436433428">
        <ele>1808.0</ele>
      </trkpt>
      <trkpt lat="45.96584284565047" lon="6.788007050356079">
        <ele>1806.0</ele>
      </trkpt>
      <trkpt lat="45.965796988078864" lon="6.787949596028193">
        <ele>1805.0</ele>
      </trkpt>
      <trkpt lat="45.96577853864784" lon="6.787908249358878">
        <ele>1804.0</ele>
      </trkpt>
      <trkpt lat="45.96572437001335" lon="6.787856686984928">
        <ele>1803.0</ele>
      </trkpt>
      <trkpt lat="45.96569229915663" lon="6.787818281055203">
        <ele>1802.0</ele>
      </trkpt>
      <trkpt lat="45.965674411009495" lon="6.787760166893695">
        <ele>1801.0</ele>
      </trkpt>
      <trkpt lat="45.96561925649325" lon="6.787711122475531">
        <ele>1801.0</ele>
      </trkpt>
      <trkpt lat="45.96556491505628" lon="6.78766471970085">
        <ele>1800.0</ele>
      </trkpt>
      <trkpt lat="45.96552723877816" lon="6.787605243567451">
        <ele>1799.0</ele>
      </trkpt>
      <trkpt lat="45.96549885927581" lon="6.7875373579789535">
        <ele>1797.0</ele>
      </trkpt>
      <trkpt lat="45.96546221191588" lon="6.7874740744827005">
        <ele>1796.0</ele>
      </trkpt>
      <trkpt lat="45.9654345590908" lon="6.78741141019957">
        <ele>1795.0</ele>
      </trkpt>
      <trkpt lat="45.96540715806757" lon="6.787368155050201">
        <ele>1795.0</ele>
      </trkpt>
      <trkpt lat="45.96537816677975" lon="6.787345474991472">
        <ele>1795.0</ele>
      </trkpt>
      <trkpt lat="45.96533812295651" lon="6.7873297908745185">
        <ele>1795.0</ele>
      </trkpt>
      <trkpt lat="45.96529559663065" lon="6.7873074720068525">
        <ele>1795.0</ele>
      </trkpt>
      <trkpt lat="45.96523739815786" lon="6.7872685611025245">
        <ele>1795.0</ele>
      </trkpt>
      <trkpt lat="45.96521689770313" lon="6.787207682259069">
        <ele>1794.0</ele>
      </trkpt>
      <trkpt lat="45.96516389439872" lon="6.787121296363804">
        <ele>1793.0</ele>
      </trkpt>
      <trkpt lat="45.96513547143494" lon="6.78705470127713">
        <ele>1791.0</ele>
      </trkpt>
      <trkpt lat="45.965097247861905" lon="6.78695769790863">
        <ele>1789.0</ele>
      </trkpt>
      <trkpt lat="45.96508656202998" lon="6.78687293211145">
        <ele>1787.0</ele>
      </trkpt>
      <trkpt lat="45.96506110337664" lon="6.786771636372901">
        <ele>1785.0</ele>
      </trkpt>
      <trkpt lat="45.96503674582085" lon="6.786718249119866">
        <ele>1783.0</ele>
      </trkpt>
      <trkpt lat="45.96502095114543" lon="6.786678378937341">
        <ele>1780.0</ele>
      </trkpt>
      <trkpt lat="45.96499946458332" lon="6.786620018256713">
        <ele>1778.0</ele>
      </trkpt>
      <trkpt lat="45.964961111142244" lon="6.7865268848319324">
        <ele>1776.0</ele>
      </trkpt>
      <trkpt lat="45.96495907424874" lon="6.786453056699749">
        <ele>1774.0</ele>
      </trkpt>
      <trkpt lat="45.964962606706706" lon="6.786374440742294">
        <ele>1772.0</ele>
      </trkpt>
      <trkpt lat="45.964946387245114" lon="6.786320321010696">
        <ele>1770.0</ele>
      </trkpt>
      <trkpt lat="45.96489495942241" lon="6.786267656859471">
        <ele>1769.0</ele>
      </trkpt>
      <trkpt lat="45.96488584230671" lon="6.78624375964364">
        <ele>1768.0</ele>
      </trkpt>
      <trkpt lat="45.96487886939468" lon="6.78620966782847">
        <ele>1767.0</ele>
      </trkpt>
      <trkpt lat="45.964848330995" lon="6.7862062736813185">
        <ele>1766.0</ele>
      </trkpt>
      <trkpt lat="45.96479363672207" lon="6.786197339050729">
        <ele>1766.0</ele>
      </trkpt>
      <trkpt lat="45.964753161125905" lon="6.786194553897143">
        <ele>1765.0</ele>
      </trkpt>
      <trkpt lat="45.96470267586317" lon="6.786140662144472">
        <ele>1764.0</ele>
      </trkpt>
      <trkpt lat="45.964655702085324" lon="6.786089597640138">
        <ele>1764.0</ele>
      </trkpt>
      <trkpt lat="45.96462601997949" lon="6.786087555256965">
        <ele>1763.0</ele>
      </trkpt>
      <trkpt lat="45.96458701181866" lon="6.786040917251662">
        <ele>1762.0</ele>
      </trkpt>
      <trkpt lat="45.96454971623589" lon="6.785996982673099">
        <ele>1761.0</ele>
      </trkpt>
      <trkpt lat="45.96449579880758" lon="6.785964832073107">
        <ele>1759.0</ele>
      </trkpt>
      <trkpt lat="45.96443267099929" lon="6.785938511604303">
        <ele>1758.0</ele>
      </trkpt>
      <trkpt lat="45.96438599237534" lon="6.7859055664391805">
        <ele>1756.0</ele>
      </trkpt>
      <trkpt lat="45.96432908129705" lon="6.785855111467105">
        <ele>1755.0</ele>
      </trkpt>
      <trkpt lat="45.96427212019654" lon="6.7858330937595746">
        <ele>1754.0</ele>
      </trkpt>
      <trkpt lat="45.96423733659287" lon="6.785848799081624">
        <ele>1753.0</ele>
      </trkpt>
      <trkpt lat="45.96420923075669" lon="6.785880476878303">
        <ele>1753.0</ele>
      </trkpt>
      <trkpt lat="45.964183319109736" lon="6.785873523037881">
        <ele>1752.0</ele>
      </trkpt>
      <trkpt lat="45.96416367420557" lon="6.785813997547169">
        <ele>1751.0</ele>
      </trkpt>
      <trkpt lat="45.964137646751674" lon="6.785756618472522">
        <ele>1749.0</ele>
      </trkpt>
      <trkpt lat="45.96411650496018" lon="6.78568794083442">
        <ele>1748.0</ele>
      </trkpt>
      <trkpt lat="45.96411278446999" lon="6.7856644153496255">
        <ele>1746.0</ele>
      </trkpt>
      <trkpt lat="45.964100666766626" lon="6.785649361395046">
        <ele>1744.0</ele>
      </trkpt>
      <trkpt lat="45.9640819939246" lon="6.785641612956054">
        <ele>1742.0</ele>
      </trkpt>
      <trkpt lat="45.96406760939318" lon="6.78561347556256">
        <ele>1741.0</ele>
      </trkpt>
      <trkpt lat="45.964050101721256" lon="6.78557090307556">
        <ele>1740.0</ele>
      </trkpt>
      <trkpt lat="45.96402805358914" lon="6.785529310992557">
        <ele>1740.0</ele>
      </trkpt>
      <trkpt lat="45.96398595844333" lon="6.785494096258806">
        <ele>1739.0</ele>
      </trkpt>
      <trkpt lat="45.96394022230109" lon="6.78545992383931">
        <ele>1738.0</ele>
      </trkpt>
      <trkpt lat="45.96391525999062" lon="6.785424595133664">
        <ele>1737.0</ele>
      </trkpt>
      <trkpt lat="45.9638910811384" lon="6.785338903293587">
        <ele>1735.0</ele>
      </trkpt>
      <trkpt lat="45.96385597927052" lon="6.785256338346022">
        <ele>1733.0</ele>
      </trkpt>
      <trkpt lat="45.96379214451181" lon="6.785143356606665">
        <ele>1732.0</ele>
      </trkpt>
      <trkpt lat="45.96374341451613" lon="6.785090880277798">
        <ele>1730.0</ele>
      </trkpt>
      <trkpt lat="45.96370108029781" lon="6.784981963415014">
        <ele>1729.0</ele>
      </trkpt>
      <trkpt lat="45.96365681099865" lon="6.78490393936725">
        <ele>1728.0</ele>
      </trkpt>
      <trkpt lat="45.96363048106048" lon="6.784855589647511">
        <ele>1727.0</ele>
      </trkpt>
      <trkpt lat="45.963589932348704" lon="6.784801091001286">
        <ele>1725.0</ele>
      </trkpt>
      <trkpt lat="45.96355315402433" lon="6.784741680827499">
        <ele>1724.0</ele>
      </trkpt>
      <trkpt lat="45.96354322999186" lon="6.78468799602601">
        <ele>1722.0</ele>
      </trkpt>
      <trkpt lat="45.96354842415452" lon="6.784640522032727">
        <ele>1721.0</ele>
      </trkpt>
      <trkpt lat="45.96353870924065" lon="6.7846075354227">
        <ele>1720.0</ele>
      </trkpt>
      <trkpt lat="45.96351263149057" lon="6.7845785943386865">
        <ele>1719.0</ele>
      </trkpt>
      <trkpt lat="45.963508824484315" lon="6.78455764872348">
        <ele>1718.0</ele>
      </trkpt>
      <trkpt lat="45.96351285374599" lon="6.784544998495814">
        <ele>1717.0</ele>
      </trkpt>
      <trkpt lat="45.963519199632536" lon="6.784516994770716">
        <ele>1716.0</ele>
      </trkpt>
      <trkpt lat="45.96350970039231" lon="6.784477559357985">
        <ele>1715.0</ele>
      </trkpt>
      <trkpt lat="45.96348173740856" lon="6.784451074161696">
        <ele>1714.0</ele>
      </trkpt>
      <trkpt lat="45.96347048236914" lon="6.784410225296242">
        <ele>1712.0</ele>
      </trkpt>
      <trkpt lat="45.96346625042183" lon="6.784375030405359">
        <ele>1711.0</ele>
      </trkpt>
      <trkpt lat="45.9634534919313" lon="6.784352176447344">
        <ele>1709.0</ele>
      </trkpt>
      <trkpt lat="45.963455556177024" lon="6.78431741459269">
        <ele>1707.0</ele>
      </trkpt>
      <trkpt lat="45.96345466319762" lon="6.784290205760339">
        <ele>1706.0</ele>
      </trkpt>
      <trkpt lat="45.96342228915509" lon="6.784260831856495">
        <ele>1704.0</ele>
      </trkpt>
      <trkpt lat="45.963375185112426" lon="6.784213639439445">
        <ele>1702.0</ele>
      </trkpt>
      <trkpt lat="45.96335754749883" lon="6.784174937228069">
        <ele>1700.0</ele>
      </trkpt>
      <trkpt lat="45.96332817376924" lon="6.784136720664459">
        <ele>1698.0</ele>
      </trkpt>
      <trkpt lat="45.96329995831075" lon="6.784090827415267">
        <ele>1696.0</ele>
      </trkpt>
      <trkpt lat="45.96326146696945" lon="6.784028714792321">
        <ele>1694.0</ele>
      </trkpt>
      <trkpt lat="45.963228206199716" lon="6.7839449855693505">
        <ele>1693.0</ele>
      </trkpt>
      <trkpt lat="45.9631934851546" lon="6.783877961494398">
        <ele>1691.0</ele>
      </trkpt>
      <trkpt lat="45.96317503423646" lon="6.783836618144095">
        <ele>1690.0</ele>
      </trkpt>
      <trkpt lat="45.96316262071134" lon="6.783803446345317">
        <ele>1689.0</ele>
      </trkpt>
      <trkpt lat="45.963117099727484" lon="6.783762827042103">
        <ele>1688.0</ele>
      </trkpt>
      <trkpt lat="45.96309320887966" lon="6.783722402446991">
        <ele>1688.0</ele>
      </trkpt>
      <trkpt lat="45.96307466530516" lon="6.783710785526733">
        <ele>1687.0</ele>
      </trkpt>
      <trkpt lat="45.96305029364416" lon="6.783711695099352">
        <ele>1688.0</ele>
      </trkpt>
      <trkpt lat="45.96301658866337" lon="6.7836951574768305">
        <ele>1688.0</ele>
      </trkpt>
      <trkpt lat="45.96297393222213" lon="6.783676711626454">
        <ele>1687.0</ele>
      </trkpt>
      <trkpt lat="45.96279348600634" lon="6.783653961973833">
        <ele>1686.0</ele>
      </trkpt>
      <trkpt lat="45.96263694330869" lon="6.783617343535018">
        <ele>1685.0</ele>
      </trkpt>
      <trkpt lat="45.96247908242748" lon="6.783539267924351">
        <ele>1682.0</ele>
      </trkpt>
      <trkpt lat="45.96232608262571" lon="6.783369744806025">
        <ele>1679.0</ele>
      </trkpt>
      <trkpt lat="45.96221371830858" lon="6.7832521392169145">
        <ele>1676.0</ele>
      </trkpt>
      <trkpt lat="45.96210327596633" lon="6.783157934882944">
        <ele>1673.0</ele>
      </trkpt>
      <trkpt lat="45.96201591142184" lon="6.783101513120731">
        <ele>1671.0</ele>
      </trkpt>
      <trkpt lat="45.96196524600079" lon="6.78307993205402">
        <ele>1670.0</ele>
      </trkpt>
      <trkpt lat="45.96193484306522" lon="6.7830455244010714">
        <ele>1670.0</ele>
      </trkpt>
      <trkpt lat="45.96190704607382" lon="6.783041027970775">
        <ele>1669.0</ele>
      </trkpt>
      <trkpt lat="45.96184888308837" lon="6.7830279804198685">
        <ele>1669.0</ele>
      </trkpt>
      <trkpt lat="45.96180644216368" lon="6.783003086829111">
        <ele>1668.0</ele>
      </trkpt>
      <trkpt lat="45.96173976511008" lon="6.782948087840558">
        <ele>1668.0</ele>
      </trkpt>
      <trkpt lat="45.96167732043773" lon="6.782928282616159">
        <ele>1667.0</ele>
      </trkpt>
      <trkpt lat="45.96161308298437" lon="6.782881207702024">
        <ele>1665.0</ele>
      </trkpt>
      <trkpt lat="45.96158520587359" lon="6.7828521447793095">
        <ele>1664.0</ele>
      </trkpt>
      <trkpt lat="45.96157283518289" lon="6.782817684435777">
        <ele>1663.0</ele>
      </trkpt>
      <trkpt lat="45.96154906724921" lon="6.782800538245859">
        <ele>1661.0</ele>
      </trkpt>
      <trkpt lat="45.96151223252955" lon="6.782796713362613">
        <ele>1660.0</ele>
      </trkpt>
      <trkpt lat="45.96150067503684" lon="6.782764894355128">
        <ele>1658.0</ele>
      </trkpt>
      <trkpt lat="45.961482519463495" lon="6.78274167059275">
        <ele>1657.0</ele>
      </trkpt>
      <trkpt lat="45.96146033482774" lon="6.78273109673642">
        <ele>1655.0</ele>
      </trkpt>
      <trkpt lat="45.96145511665559" lon="6.782698420871235">
        <ele>1654.0</ele>
      </trkpt>
      <trkpt lat="45.96146133272158" lon="6.782674287145296">
        <ele>1653.0</ele>
      </trkpt>
      <trkpt lat="45.96148343720822" lon="6.782660294422981">
        <ele>1652.0</ele>
      </trkpt>
      <trkpt lat="45.96149689206426" lon="6.78263536560143">
        <ele>1650.0</ele>
      </trkpt>
      <trkpt lat="45.961500243326626" lon="6.78258905924211">
        <ele>1649.0</ele>
      </trkpt>
      <trkpt lat="45.961492246552034" lon="6.782531631319506">
        <ele>1647.0</ele>
      </trkpt>
      <trkpt lat="45.96151350072836" lon="6.782489140964829">
        <ele>1645.0</ele>
      </trkpt>
      <trkpt lat="45.96151688901352" lon="6.782468690876495">
        <ele>1643.0</ele>
      </trkpt>
      <trkpt lat="45.96149667574721" lon="6.782453081887311">
        <ele>1642.0</ele>
      </trkpt>
      <trkpt lat="45.961441636226525" lon="6.782454469300674">
        <ele>1641.0</ele>
      </trkpt>
      <trkpt lat="45.96140835017674" lon="6.782479327650203">
        <ele>1640.0</ele>
      </trkpt>
      <trkpt lat="45.96138465634228" lon="6.782513894121087">
        <ele>1639.0</ele>
      </trkpt>
      <trkpt lat="45.96134614600024" lon="6.782533222559675">
        <ele>1639.0</ele>
      </trkpt>
      <trkpt lat="45.96133304218144" lon="6.782520687659972">
        <ele>1638.0</ele>
      </trkpt>
      <trkpt lat="45.96133514898413" lon="6.782484637356155">
        <ele>1637.0</ele>
      </trkpt>
      <trkpt lat="45.96135502937647" lon="6.7824562721922925">
        <ele>1636.0</ele>
      </trkpt>
      <trkpt lat="45.96134771037568" lon="6.7824325007976105">
        <ele>1635.0</ele>
      </trkpt>
      <trkpt lat="45.96132886483902" lon="6.782429912712497">
        <ele>1634.0</ele>
      </trkpt>
      <trkpt lat="45.961304745867515" lon="6.782450230425552">
        <ele>1633.0</ele>
      </trkpt>
      <trkpt lat="45.96127253779097" lon="6.782442845776415">
        <ele>1632.0</ele>
      </trkpt>
      <trkpt lat="45.96124517196137" lon="6.782425452534755">
        <ele>1631.0</ele>
      </trkpt>
      <trkpt lat="45.96123875241388" lon="6.782401743017945">
        <ele>1629.0</ele>
      </trkpt>
      <trkpt lat="45.96125371032282" lon="6.782358820028968">
        <ele>1628.0</ele>
      </trkpt>
      <trkpt lat="45.961278254444125" lon="6.782352751016077">
        <ele>1626.0</ele>
      </trkpt>
      <trkpt lat="45.96128849944915" lon="6.782315967448845">
        <ele>1625.0</ele>
      </trkpt>
      <trkpt lat="45.96127955396703" lon="6.7822869135807595">
        <ele>1623.0</ele>
      </trkpt>
      <trkpt lat="45.96125218811348" lon="6.782269520414372">
        <ele>1621.0</ele>
      </trkpt>
      <trkpt lat="45.961228549446275" lon="6.782248505410714">
        <ele>1619.0</ele>
      </trkpt>
      <trkpt lat="45.96121742296008" lon="6.782203789517306">
        <ele>1618.0</ele>
      </trkpt>
      <trkpt lat="45.96121649232342" lon="6.78215072567244">
        <ele>1616.0</ele>
      </trkpt>
      <trkpt lat="45.961228024756835" lon="6.782102396479163">
        <ele>1615.0</ele>
      </trkpt>
      <trkpt lat="45.96123115428431" lon="6.782089684774543">
        <ele>1614.0</ele>
      </trkpt>
      <trkpt lat="45.96121089785117" lon="6.782075365721911">
        <ele>1613.0</ele>
      </trkpt>
      <trkpt lat="45.961223108204095" lon="6.782060692794239">
        <ele>1612.0</ele>
      </trkpt>
      <trkpt lat="45.96123977274084" lon="6.782047618679946">
        <ele>1612.0</ele>
      </trkpt>
      <trkpt lat="45.961239908017596" lon="6.782016603647822">
        <ele>1611.0</ele>
      </trkpt>
      <trkpt lat="45.961227752639694" lon="6.7819756951234895">
        <ele>1610.0</ele>
      </trkpt>
      <trkpt lat="45.96121923820011" lon="6.781933744175298">
        <ele>1609.0</ele>
      </trkpt>
      <trkpt lat="45.96120737867666" lon="6.781910953533723">
        <ele>1607.0</ele>
      </trkpt>
      <trkpt lat="45.961196930056644" lon="6.781899893984202">
        <ele>1606.0</ele>
      </trkpt>
      <trkpt lat="45.961204131636975" lon="6.781873242666117">
        <ele>1605.0</ele>
      </trkpt>
      <trkpt lat="45.96121493105141" lon="6.781846838610112">
        <ele>1604.0</ele>
      </trkpt>
      <trkpt lat="45.961208382047744" lon="6.78182699832353">
        <ele>1603.0</ele>
      </trkpt>
      <trkpt lat="45.96119304811427" lon="6.781827237152134">
        <ele>1603.0</ele>
      </trkpt>
      <trkpt lat="45.96115166706134" lon="6.781851539413034">
        <ele>1602.0</ele>
      </trkpt>
      <trkpt lat="45.96112334678099" lon="6.78188966604751">
        <ele>1601.0</ele>
      </trkpt>
      <trkpt lat="45.96111246703531" lon="6.781891503661862">
        <ele>1601.0</ele>
      </trkpt>
      <trkpt lat="45.9610761065202" lon="6.7818734925691695">
        <ele>1600.0</ele>
      </trkpt>
      <trkpt lat="45.96107302602548" lon="6.781857768738486">
        <ele>1599.0</ele>
      </trkpt>
      <trkpt lat="45.96108639448132" lon="6.781835419334085">
        <ele>1598.0</ele>
      </trkpt>
      <trkpt lat="45.96108506978991" lon="6.78182110884965">
        <ele>1597.0</ele>
      </trkpt>
      <trkpt lat="45.961060956813306" lon="6.7818142809469055">
        <ele>1597.0</ele>
      </trkpt>
      <trkpt lat="45.96105278132885" lon="6.781789158235355">
        <ele>1596.0</ele>
      </trkpt>
      <trkpt lat="45.96106139380417" lon="6.7817742380227">
        <ele>1595.0</ele>
      </trkpt>
      <trkpt lat="45.961083498179626" lon="6.78176024504073">
        <ele>1594.0</ele>
      </trkpt>
      <trkpt lat="45.96109237517625" lon="6.781710440723665">
        <ele>1593.0</ele>
      </trkpt>
      <trkpt lat="45.961098079561715" lon="6.781674637803678">
        <ele>1591.0</ele>
      </trkpt>
      <trkpt lat="45.96108605338866" lon="6.781629860318579">
        <ele>1590.0</ele>
      </trkpt>
      <trkpt lat="45.96107153853253" lon="6.7816055946444465">
        <ele>1588.0</ele>
      </trkpt>
      <trkpt lat="45.96104605188176" lon="6.781612891867271">
        <ele>1587.0</ele>
      </trkpt>
      <trkpt lat="45.96103702000134" lon="6.781586417666826">
        <ele>1586.0</ele>
      </trkpt>
      <trkpt lat="45.96103792528615" lon="6.7815593336984765">
        <ele>1584.0</ele>
      </trkpt>
      <trkpt lat="45.96102662028002" lon="6.781546922724979">
        <ele>1583.0</ele>
      </trkpt>
      <trkpt lat="45.96101098458722" lon="6.781556189616031">
        <ele>1582.0</ele>
      </trkpt>
      <trkpt lat="45.96098725957081" lon="6.781537754433881">
        <ele>1580.0</ele>
      </trkpt>
      <trkpt lat="45.96096645427997" lon="6.781485910400807">
        <ele>1579.0</ele>
      </trkpt>
      <trkpt lat="45.960949419235426" lon="6.781429154804517">
        <ele>1577.0</ele>
      </trkpt>
      <trkpt lat="45.960942186232714" lon="6.781402804300076">
        <ele>1576.0</ele>
      </trkpt>
      <trkpt lat="45.960947287029086" lon="6.781385057397454">
        <ele>1574.0</ele>
      </trkpt>
      <trkpt lat="45.96098511324689" lon="6.781359217928219">
        <ele>1572.0</ele>
      </trkpt>
      <trkpt lat="45.96104298622329" lon="6.781326999936048">
        <ele>1570.0</ele>
      </trkpt>
      <trkpt lat="45.96105365619317" lon="6.781304464990299">
        <ele>1568.0</ele>
      </trkpt>
      <trkpt lat="45.961049595701674" lon="6.78126411302951">
        <ele>1566.0</ele>
      </trkpt>
      <trkpt lat="45.96104549209095" lon="6.781225050787913">
        <ele>1564.0</ele>
      </trkpt>
      <trkpt lat="45.961017577181686" lon="6.78117013294456">
        <ele>1563.0</ele>
      </trkpt>
      <trkpt lat="45.96098803573901" lon="6.7811099326988415">
        <ele>1562.0</ele>
      </trkpt>
      <trkpt lat="45.960939094057494" lon="6.781036765433107">
        <ele>1561.0</ele>
      </trkpt>
      <trkpt lat="45.96091323659016" lon="6.780974233134915">
        <ele>1560.0</ele>
      </trkpt>
      <trkpt lat="45.96090163548363" lon="6.780943704566114">
        <ele>1559.0</ele>
      </trkpt>
      <trkpt lat="45.96088455140262" lon="6.780915384619721">
        <ele>1559.0</ele>
      </trkpt>
      <trkpt lat="45.960873898497816" lon="6.780856482470521">
        <ele>1559.0</ele>
      </trkpt>
      <trkpt lat="45.960867441165554" lon="6.780806917308631">
        <ele>1558.0</ele>
      </trkpt>
      <trkpt lat="45.960869849119874" lon="6.780761839277693">
        <ele>1558.0</ele>
      </trkpt>
      <trkpt lat="45.960875079113805" lon="6.7807402232101435">
        <ele>1558.0</ele>
      </trkpt>
      <trkpt lat="45.96087418527477" lon="6.780713015710793">
        <ele>1558.0</ele>
      </trkpt>
      <trkpt lat="45.96085488244337" lon="6.780643177964233">
        <ele>1558.0</ele>
      </trkpt>
      <trkpt lat="45.96080086609565" lon="6.780667905508026">
        <ele>1557.0</ele>
      </trkpt>
      <trkpt lat="45.96076565222014" lon="6.780696510173647">
        <ele>1557.0</ele>
      </trkpt>
      <trkpt lat="45.9607327544475" lon="6.780709761923829">
        <ele>1557.0</ele>
      </trkpt>
      <trkpt lat="45.96069034487578" lon="6.780737872138718">
        <ele>1556.0</ele>
      </trkpt>
      <trkpt lat="45.96066413121755" lon="6.780739949095232">
        <ele>1556.0</ele>
      </trkpt>
      <trkpt lat="45.96064288895461" lon="6.780728148296606">
        <ele>1556.0</ele>
      </trkpt>
      <trkpt lat="45.960630215925526" lon="6.780702716947379">
        <ele>1556.0</ele>
      </trkpt>
      <trkpt lat="45.96060002215015" lon="6.780689008490182">
        <ele>1556.0</ele>
      </trkpt>
      <trkpt lat="45.96056507247774" lon="6.780682729275509">
        <ele>1556.0</ele>
      </trkpt>
      <trkpt lat="45.96053448519892" lon="6.780707773693944">
        <ele>1556.0</ele>
      </trkpt>
      <trkpt lat="45.96052021750491" lon="6.780730061349848">
        <ele>1556.0</ele>
      </trkpt>
      <trkpt lat="45.96049858734874" lon="6.780729867893316">
        <ele>1556.0</ele>
      </trkpt>
      <trkpt lat="45.96046145648487" lon="6.780707926870612">
        <ele>1555.0</ele>
      </trkpt>
      <trkpt lat="45.96044179764577" lon="6.7807026982205505">
        <ele>1555.0</ele>
      </trkpt>
      <trkpt lat="45.96042217628761" lon="6.780723325352899">
        <ele>1555.0</ele>
      </trkpt>
      <trkpt lat="45.96040607219299" lon="6.780719633591425">
        <ele>1555.0</ele>
      </trkpt>
      <trkpt lat="45.9603904421868" lon="6.78070175515085">
        <ele>1554.0</ele>
      </trkpt>
      <trkpt lat="45.960372587880066" lon="6.780669504651509">
        <ele>1554.0</ele>
      </trkpt>
      <trkpt lat="45.960359225264384" lon="6.7806647086025436">
        <ele>1554.0</ele>
      </trkpt>
      <trkpt lat="45.96033583928503" lon="6.78066310188125">
        <ele>1553.0</ele>
      </trkpt>
      <trkpt lat="45.960315157290744" lon="6.780634535127026">
        <ele>1553.0</ele>
      </trkpt>
      <trkpt lat="45.96029627421079" lon="6.780606091986196">
        <ele>1552.0</ele>
      </trkpt>
      <trkpt lat="45.9602784198768" lon="6.78057384157302">
        <ele>1552.0</ele>
      </trkpt>
      <trkpt lat="45.96027491380953" lon="6.780543869594776">
        <ele>1551.0</ele>
      </trkpt>
      <trkpt lat="45.96031685483923" lon="6.780502800680726">
        <ele>1551.0</ele>
      </trkpt>
      <trkpt lat="45.9603255533379" lon="6.780485301072372">
        <ele>1551.0</ele>
      </trkpt>
      <trkpt lat="45.960329027453504" lon="6.780462271907786">
        <ele>1551.0</ele>
      </trkpt>
      <trkpt lat="45.96032877443323" lon="6.780442864658371">
        <ele>1551.0</ele>
      </trkpt>
      <trkpt lat="45.96032813909617" lon="6.780407919251319">
        <ele>1551.0</ele>
      </trkpt>
      <trkpt lat="45.96033213033819" lon="6.780369413714494">
        <ele>1551.0</ele>
      </trkpt>
      <trkpt lat="45.96034280011756" lon="6.7803468788740995">
        <ele>1551.0</ele>
      </trkpt>
      <trkpt lat="45.960368243592086" lon="6.780340870856617">
        <ele>1552.0</ele>
      </trkpt>
      <trkpt lat="45.9604410999265" lon="6.780345875992554">
        <ele>1552.0</ele>
      </trkpt>
      <trkpt lat="45.960482641974885" lon="6.780370705125931">
        <ele>1553.0</ele>
      </trkpt>
      <trkpt lat="45.960504740640765" lon="6.780383857246129">
        <ele>1553.0</ele>
      </trkpt>
      <trkpt lat="45.960534126721875" lon="6.780367778782696">
        <ele>1554.0</ele>
      </trkpt>
      <trkpt lat="45.960547279409376" lon="6.780351877746599">
        <ele>1554.0</ele>
      </trkpt>
      <trkpt lat="45.96054737112706" lon="6.780322152802606">
        <ele>1555.0</ele>
      </trkpt>
      <trkpt lat="45.96054814682665" lon="6.7802989381612475">
        <ele>1555.0</ele>
      </trkpt>
      <trkpt lat="45.960557313813126" lon="6.780294397263597">
        <ele>1556.0</ele>
      </trkpt>
      <trkpt lat="45.960573725094704" lon="6.780261915437974">
        <ele>1556.0</ele>
      </trkpt>
      <trkpt lat="45.96061842396949" lon="6.78013830502889">
        <ele>1557.0</ele>
      </trkpt>
      <trkpt lat="45.96061928581573" lon="6.780112510946737">
        <ele>1557.0</ele>
      </trkpt>
      <trkpt lat="45.9606049053744" lon="6.780057231198915">
        <ele>1558.0</ele>
      </trkpt>
      <trkpt lat="45.96060752848518" lon="6.780005704830445">
        <ele>1558.0</ele>
      </trkpt>
      <trkpt lat="45.96062693970098" lon="6.779964380316275">
        <ele>1559.0</ele>
      </trkpt>
      <trkpt lat="45.96065675662471" lon="6.779935404541987">
        <ele>1559.0</ele>
      </trkpt>
      <trkpt lat="45.96067959330066" lon="6.779899485928027">
        <ele>1560.0</ele>
      </trkpt>
      <trkpt lat="45.96072025765082" lon="6.779815670547905">
        <ele>1560.0</ele>
      </trkpt>
      <trkpt lat="45.96072681780996" lon="6.779781219163453">
        <ele>1560.0</ele>
      </trkpt>
      <trkpt lat="45.96072759339862" lon="6.779758004438832">
        <ele>1560.0</ele>
      </trkpt>
      <trkpt lat="45.960712178680055" lon="6.7797336776338355">
        <ele>1560.0</ele>
      </trkpt>
      <trkpt lat="45.96070237616153" lon="6.779703273001193">
        <ele>1560.0</ele>
      </trkpt>
      <trkpt lat="45.96070045335038" lon="6.779679872941877">
        <ele>1561.0</ele>
      </trkpt>
      <trkpt lat="45.96070718581546" lon="6.779640262727432">
        <ele>1562.0</ele>
      </trkpt>
      <trkpt lat="45.96075796481401" lon="6.779523532504275">
        <ele>1563.0</ele>
      </trkpt>
      <trkpt lat="45.96073938305056" lon="6.779486061563733">
        <ele>1563.0</ele>
      </trkpt>
      <trkpt lat="45.96070041525414" lon="6.779438141819714">
        <ele>1564.0</ele>
      </trkpt>
      <trkpt lat="45.960648892757234" lon="6.779415213156636">
        <ele>1564.0</ele>
      </trkpt>
      <trkpt lat="45.96055138434697" lon="6.7793115664230665">
        <ele>1564.0</ele>
      </trkpt>
      <trkpt lat="45.96048774854308" lon="6.779246440866305">
        <ele>1564.0</ele>
      </trkpt>
      <trkpt lat="45.96043747012464" lon="6.779213256640149">
        <ele>1565.0</ele>
      </trkpt>
      <trkpt lat="45.96034465851405" lon="6.779184907346639">
        <ele>1565.0</ele>
      </trkpt>
      <trkpt lat="45.96028804076534" lon="6.779152580554556">
        <ele>1566.0</ele>
      </trkpt>
      <trkpt lat="45.960238753175034" lon="6.779089733526596">
        <ele>1566.0</ele>
      </trkpt>
      <trkpt lat="45.960194350575684" lon="6.77901558820622">
        <ele>1567.0</ele>
      </trkpt>
      <trkpt lat="45.96015448311831" lon="6.778967607500324">
        <ele>1568.0</ele>
      </trkpt>
      <trkpt lat="45.96005979155551" lon="6.778914569314134">
        <ele>1569.0</ele>
      </trkpt>
      <trkpt lat="45.96000492957475" lon="6.7788836561928845">
        <ele>1569.0</ele>
      </trkpt>
      <trkpt lat="45.959989428512436" lon="6.778861909332573">
        <ele>1570.0</ele>
      </trkpt>
      <trkpt lat="45.95993289165694" lon="6.778854148939709">
        <ele>1570.0</ele>
      </trkpt>
      <trkpt lat="45.95990513757652" lon="6.778848365100096">
        <ele>1570.0</ele>
      </trkpt>
      <trkpt lat="45.95985463331122" lon="6.778875920420949">
        <ele>1570.0</ele>
      </trkpt>
      <trkpt lat="45.95981968353808" lon="6.778869642441918">
        <ele>1570.0</ele>
      </trkpt>
      <trkpt lat="45.959789408555416" lon="6.7788313693968565">
        <ele>1570.0</ele>
      </trkpt>
      <trkpt lat="45.959746541095015" lon="6.778792231673479">
        <ele>1569.0</ele>
      </trkpt>
      <trkpt lat="45.95970537607997" lon="6.7788100871578925">
        <ele>1569.0</ele>
      </trkpt>
      <trkpt lat="45.95965835076438" lon="6.778787468324422">
        <ele>1568.0</ele>
      </trkpt>
      <trkpt lat="45.95960798605771" lon="6.778756864380087">
        <ele>1568.0</ele>
      </trkpt>
      <trkpt lat="45.9594930323978" lon="6.778716654741972">
        <ele>1567.0</ele>
      </trkpt>
      <trkpt lat="45.95937813820428" lon="6.7787016557207505">
        <ele>1567.0</ele>
      </trkpt>
      <trkpt lat="45.959263244008696" lon="6.778686656762113">
        <ele>1566.0</ele>
      </trkpt>
      <trkpt lat="45.95911976087282" lon="6.778663877932638">
        <ele>1565.0</ele>
      </trkpt>
      <trkpt lat="45.95895568137772" lon="6.778609954599557">
        <ele>1564.0</ele>
      </trkpt>
      <trkpt lat="45.9589086990967" lon="6.778586046579631">
        <ele>1563.0</ele>
      </trkpt>
      <trkpt lat="45.95889161442575" lon="6.778557728389482">
        <ele>1563.0</ele>
      </trkpt>
      <trkpt lat="45.95887736244654" lon="6.778498581788084">
        <ele>1562.0</ele>
      </trkpt>
      <trkpt lat="45.958893826432245" lon="6.778410521303953">
        <ele>1561.0</ele>
      </trkpt>
      <trkpt lat="45.95895198220711" lon="6.7782348396715255">
        <ele>1560.0</ele>
      </trkpt>
      <trkpt lat="45.958972555669696" lon="6.77815869476473">
        <ele>1559.0</ele>
      </trkpt>
      <trkpt lat="45.95897188155278" lon="6.778097895148621">
        <ele>1558.0</ele>
      </trkpt>
      <trkpt lat="45.958955528928826" lon="6.7780476527424565">
        <ele>1556.0</ele>
      </trkpt>
      <trkpt lat="45.95889968608149" lon="6.777992113956024">
        <ele>1555.0</ele>
      </trkpt>
      <trkpt lat="45.95882743259222" lon="6.777969056780481">
        <ele>1553.0</ele>
      </trkpt>
      <trkpt lat="45.95872547354411" lon="6.777836672985064">
        <ele>1551.0</ele>
      </trkpt>
      <trkpt lat="45.958619706063125" lon="6.777683346399408">
        <ele>1549.0</ele>
      </trkpt>
      <trkpt lat="45.95857641732277" lon="6.7776028178466285">
        <ele>1548.0</ele>
      </trkpt>
      <trkpt lat="45.95856006933649" lon="6.777525431388073">
        <ele>1547.0</ele>
      </trkpt>
      <trkpt lat="45.95855362504344" lon="6.777394435028239">
        <ele>1546.0</ele>
      </trkpt>
      <trkpt lat="45.95855719427246" lon="6.777314537976128">
        <ele>1545.0</ele>
      </trkpt>
      <trkpt lat="45.958569365569865" lon="6.7770309983687484">
        <ele>1544.0</ele>
      </trkpt>
      <trkpt lat="45.95858561784641" lon="6.77692224166046">
        <ele>1543.0</ele>
      </trkpt>
      <trkpt lat="45.958612443611145" lon="6.7768478185582595">
        <ele>1542.0</ele>
      </trkpt>
      <trkpt lat="45.95862251460952" lon="6.7768161943873775">
        <ele>1541.0</ele>
      </trkpt>
      <trkpt lat="45.95862792074206" lon="6.776762275593201">
        <ele>1541.0</ele>
      </trkpt>
      <trkpt lat="45.95862304527581" lon="6.776719284694041">
        <ele>1540.0</ele>
      </trkpt>
      <trkpt lat="45.958612213325175" lon="6.776692689000667">
        <ele>1539.0</ele>
      </trkpt>
      <trkpt lat="45.95858591828668" lon="6.776670202549644">
        <ele>1537.0</ele>
      </trkpt>
      <trkpt lat="45.95856428812333" lon="6.7766700106944695">
        <ele>1536.0</ele>
      </trkpt>
      <trkpt lat="45.95852003757491" lon="6.776699289110731">
        <ele>1534.0</ele>
      </trkpt>
      <trkpt lat="45.95834611650032" lon="6.776832125074479">
        <ele>1532.0</ele>
      </trkpt>
      <trkpt lat="45.95821735005919" lon="6.776908599523734">
        <ele>1530.0</ele>
      </trkpt>
      <trkpt lat="45.958134896163806" lon="6.776921036884805">
        <ele>1528.0</ele>
      </trkpt>
      <trkpt lat="45.9580659436208" lon="6.776880111577551">
        <ele>1527.0</ele>
      </trkpt>
      <trkpt lat="45.95803742383601" lon="6.776843253955126">
        <ele>1525.0</ele>
      </trkpt>
      <trkpt lat="45.95801640579981" lon="6.776770718409125">
        <ele>1524.0</ele>
      </trkpt>
      <trkpt lat="45.95802211328472" lon="6.7767077726821645">
        <ele>1523.0</ele>
      </trkpt>
      <trkpt lat="45.95804191541492" lon="6.77662769782258">
        <ele>1522.0</ele>
      </trkpt>
      <trkpt lat="45.95803773334778" lon="6.776536928747075">
        <ele>1521.0</ele>
      </trkpt>
      <trkpt lat="45.958008141784056" lon="6.776505168178126">
        <ele>1519.0</ele>
      </trkpt>
      <trkpt lat="45.95793524683314" lon="6.7764743137360455">
        <ele>1518.0</ele>
      </trkpt>
      <trkpt lat="45.95784286962758" lon="6.776405929719901">
        <ele>1516.0</ele>
      </trkpt>
      <trkpt lat="45.95780189549198" lon="6.776310051060316">
        <ele>1515.0</ele>
      </trkpt>
      <trkpt lat="45.95778207791312" lon="6.776228550264814">
        <ele>1513.0</ele>
      </trkpt>
      <trkpt lat="45.95779357382237" lon="6.776127224121458">
        <ele>1513.0</ele>
      </trkpt>
      <trkpt lat="45.95783136930428" lon="6.776021239559222">
        <ele>1512.0</ele>
      </trkpt>
      <trkpt lat="45.95787224600703" lon="6.7759309774350225">
        <ele>1512.0</ele>
      </trkpt>
      <trkpt lat="45.95791976767375" lon="6.775803685786422">
        <ele>1512.0</ele>
      </trkpt>
      <trkpt lat="45.95793713344391" lon="6.775688543488041">
        <ele>1512.0</ele>
      </trkpt>
      <trkpt lat="45.95793638070486" lon="6.775576035829042">
        <ele>1512.0</ele>
      </trkpt>
      <trkpt lat="45.957929839353255" lon="6.775501908969916">
        <ele>1511.0</ele>
      </trkpt>
      <trkpt lat="45.95793041193309" lon="6.775403710837975">
        <ele>1511.0</ele>
      </trkpt>
      <trkpt lat="45.95794058158696" lon="6.775288074739378">
        <ele>1510.0</ele>
      </trkpt>
      <trkpt lat="45.957930231308076" lon="6.775193005062792">
        <ele>1509.0</ele>
      </trkpt>
      <trkpt lat="45.957892509719706" lon="6.775107691120289">
        <ele>1508.0</ele>
      </trkpt>
      <trkpt lat="45.957837483083125" lon="6.775027653171147">
        <ele>1507.0</ele>
      </trkpt>
      <trkpt lat="45.9577865706444" lon="6.774932386482957">
        <ele>1506.0</ele>
      </trkpt>
      <trkpt lat="45.95771811175602" lon="6.774741557154387">
        <ele>1505.0</ele>
      </trkpt>
      <trkpt lat="45.95767778165764" lon="6.774626335357556">
        <ele>1504.0</ele>
      </trkpt>
      <trkpt lat="45.957588157154895" lon="6.774475417961679">
        <ele>1504.0</ele>
      </trkpt>
      <trkpt lat="45.9574975858702" lon="6.774352873039074">
        <ele>1503.0</ele>
      </trkpt>
      <trkpt lat="45.95743454141272" lon="6.774323989957311">
        <ele>1503.0</ele>
      </trkpt>
      <trkpt lat="45.95737762109377" lon="6.774300697300093">
        <ele>1502.0</ele>
      </trkpt>
      <trkpt lat="45.95729685362228" lon="6.774208554896917">
        <ele>1501.0</ele>
      </trkpt>
      <trkpt lat="45.9572450329447" lon="6.774167516039238">
        <ele>1500.0</ele>
      </trkpt>
      <trkpt lat="45.957159712908634" lon="6.774157786862843">
        <ele>1499.0</ele>
      </trkpt>
      <trkpt lat="45.95708518239565" lon="6.774175941792842">
        <ele>1498.0</ele>
      </trkpt>
      <trkpt lat="45.956994926677105" lon="6.774233088013254">
        <ele>1496.0</ele>
      </trkpt>
      <trkpt lat="45.95694009831483" lon="6.774255179177313">
        <ele>1495.0</ele>
      </trkpt>
      <trkpt lat="45.95689165632097" lon="6.77424797913799">
        <ele>1493.0</ele>
      </trkpt>
      <trkpt lat="45.95678365077534" lon="6.774134581053542">
        <ele>1492.0</ele>
      </trkpt>
      <trkpt lat="45.95668986043624" lon="6.774054472470113">
        <ele>1490.0</ele>
      </trkpt>
      <trkpt lat="45.95659229207278" lon="6.774033563065198">
        <ele>1488.0</ele>
      </trkpt>
      <trkpt lat="45.956510487848824" lon="6.773999516623583">
        <ele>1487.0</ele>
      </trkpt>
      <trkpt lat="45.95645781464823" lon="6.773929983729659">
        <ele>1485.0</ele>
      </trkpt>
      <trkpt lat="45.9564285314539" lon="6.773834911176856">
        <ele>1484.0</ele>
      </trkpt>
      <trkpt lat="45.956403929387456" lon="6.773653558187555">
        <ele>1482.0</ele>
      </trkpt>
      <trkpt lat="45.95640453556457" lon="6.773608360142786">
        <ele>1481.0</ele>
      </trkpt>
      <trkpt lat="45.95640399972538" lon="6.773462264092351">
        <ele>1479.0</ele>
      </trkpt>
      <trkpt lat="45.956389627607685" lon="6.773325559839956">
        <ele>1478.0</ele>
      </trkpt>
      <trkpt lat="45.95636038691952" lon="6.773229198116467">
        <ele>1476.0</ele>
      </trkpt>
      <trkpt lat="45.95631953913125" lon="6.773129455574576">
        <ele>1475.0</ele>
      </trkpt>
      <trkpt lat="45.95628190955606" lon="6.772987279449022">
        <ele>1473.0</ele>
      </trkpt>
      <trkpt lat="45.95625289482437" lon="6.772803039785797">
        <ele>1472.0</ele>
      </trkpt>
      <trkpt lat="45.956231856965914" lon="6.772541793847944">
        <ele>1470.0</ele>
      </trkpt>
      <trkpt lat="45.95621504698825" lon="6.772370024243821">
        <ele>1469.0</ele>
      </trkpt>
      <trkpt lat="45.95617981742155" lon="6.772209917727343">
        <ele>1467.0</ele>
      </trkpt>
      <trkpt lat="45.95613747436145" lon="6.7720738823587965">
        <ele>1466.0</ele>
      </trkpt>
      <trkpt lat="45.95610074292612" lon="6.771931769074081">
        <ele>1465.0</ele>
      </trkpt>
      <trkpt lat="45.956057431395095" lon="6.771662535039289">
        <ele>1465.0</ele>
      </trkpt>
      <trkpt lat="45.956032177526474" lon="6.771527671608998">
        <ele>1464.0</ele>
      </trkpt>
      <trkpt lat="45.95599890411193" lon="6.771471104225735">
        <ele>1462.0</ele>
      </trkpt>
      <trkpt lat="45.955927720733186" lon="6.771442960057133">
        <ele>1461.0</ele>
      </trkpt>
      <trkpt lat="45.955860135210685" lon="6.7714150625248175">
        <ele>1459.0</ele>
      </trkpt>
      <trkpt lat="45.95577606510239" lon="6.77134079634062">
        <ele>1457.0</ele>
      </trkpt>
      <trkpt lat="45.95568570203429" lon="6.771238955771318">
        <ele>1454.0</ele>
      </trkpt>
      <trkpt lat="45.95555619558583" lon="6.7710943645459105">
        <ele>1452.0</ele>
      </trkpt>
      <trkpt lat="45.955440518281854" lon="6.7709946678189645">
        <ele>1450.0</ele>
      </trkpt>
      <trkpt lat="45.955389129588596" lon="6.770913594482628">
        <ele>1449.0</ele>
      </trkpt>
      <trkpt lat="45.955344814094914" lon="6.770782597155584">
        <ele>1448.0</ele>
      </trkpt>
      <trkpt lat="45.955288845164155" lon="6.770676652239932">
        <ele>1447.0</ele>
      </trkpt>
      <trkpt lat="45.955231331914185" lon="6.770589989694416">
        <ele>1446.0</ele>
      </trkpt>
      <trkpt lat="45.95518423168257" lon="6.770461387298329">
        <ele>1445.0</ele>
      </trkpt>
      <trkpt lat="45.95513143050575" lon="6.770368585341493">
        <ele>1444.0</ele>
      </trkpt>
      <trkpt lat="45.955080808766645" lon="6.770318586258164">
        <ele>1442.0</ele>
      </trkpt>
      <trkpt lat="45.95500032957448" lon="6.770298854894297">
        <ele>1440.0</ele>
      </trkpt>
      <trkpt lat="45.95488948342052" lon="6.770270580577414">
        <ele>1437.0</ele>
      </trkpt>
      <trkpt lat="45.95469482116285" lon="6.770187448655334">
        <ele>1435.0</ele>
      </trkpt>
      <trkpt lat="45.95459280081679" lon="6.77013780658682">
        <ele>1433.0</ele>
      </trkpt>
      <trkpt lat="45.9544999838518" lon="6.77013661815519">
        <ele>1431.0</ele>
      </trkpt>
      <trkpt lat="45.95440583763432" lon="6.770148263773449">
        <ele>1429.0</ele>
      </trkpt>
      <trkpt lat="45.95433431009892" lon="6.770130438646723">
        <ele>1428.0</ele>
      </trkpt>
      <trkpt lat="45.954322660012615" lon="6.770128348045805">
        <ele>1426.0</ele>
      </trkpt>
      <trkpt lat="45.954223936661144" lon="6.770087979826603">
        <ele>1425.0</ele>
      </trkpt>
      <trkpt lat="45.954006440731064" lon="6.770040767933768">
        <ele>1423.0</ele>
      </trkpt>
      <trkpt lat="45.953932303784775" lon="6.7699930368371595">
        <ele>1422.0</ele>
      </trkpt>
      <trkpt lat="45.953889740163085" lon="6.76989059875597">
        <ele>1420.0</ele>
      </trkpt>
      <trkpt lat="45.95383523897145" lon="6.769672957152021">
        <ele>1419.0</ele>
      </trkpt>
      <trkpt lat="45.95378073736139" lon="6.76945531597881">
        <ele>1417.0</ele>
      </trkpt>
      <trkpt lat="45.95373612228144" lon="6.769306208326999">
        <ele>1416.0</ele>
      </trkpt>
      <trkpt lat="45.95372024698327" lon="6.769160361719659">
        <ele>1416.0</ele>
      </trkpt>
      <trkpt lat="45.95371678653073" lon="6.769074820138577">
        <ele>1415.0</ele>
      </trkpt>
      <trkpt lat="45.95371748243191" lon="6.768972760798119">
        <ele>1415.0</ele>
      </trkpt>
      <trkpt lat="45.95369835254365" lon="6.768816351544411">
        <ele>1414.0</ele>
      </trkpt>
      <trkpt lat="45.95366131628528" lon="6.7686832735768565">
        <ele>1414.0</ele>
      </trkpt>
      <trkpt lat="45.953608771415745" lon="6.768582738596939">
        <ele>1413.0</ele>
      </trkpt>
      <trkpt lat="45.95358466573612" lon="6.768494491090962">
        <ele>1412.0</ele>
      </trkpt>
      <trkpt lat="45.95357148513741" lon="6.768375971985599">
        <ele>1412.0</ele>
      </trkpt>
      <trkpt lat="45.95355556568397" lon="6.768231415630376">
        <ele>1411.0</ele>
      </trkpt>
      <trkpt lat="45.95351035020986" lon="6.76807322116636">
        <ele>1411.0</ele>
      </trkpt>
      <trkpt lat="45.953462390604756" lon="6.767943273813466">
        <ele>1411.0</ele>
      </trkpt>
      <trkpt lat="45.95337742633788" lon="6.767787528561919">
        <ele>1411.0</ele>
      </trkpt>
      <trkpt lat="45.953279912256306" lon="6.767629632181866">
        <ele>1412.0</ele>
      </trkpt>
      <trkpt lat="45.95322784133803" lon="6.767487772020837">
        <ele>1412.0</ele>
      </trkpt>
      <trkpt lat="45.95316074417047" lon="6.767255702477862">
        <ele>1413.0</ele>
      </trkpt>
      <trkpt lat="45.95312652858316" lon="6.767173226711418">
        <ele>1413.0</ele>
      </trkpt>
      <trkpt lat="45.953060659774195" lon="6.767093754346954">
        <ele>1414.0</ele>
      </trkpt>
      <trkpt lat="45.95294934745873" lon="6.766998246971184">
        <ele>1414.0</ele>
      </trkpt>
      <trkpt lat="45.95281927505374" lon="6.766897578546383">
        <ele>1414.0</ele>
      </trkpt>
      <trkpt lat="45.95272141621148" lon="6.766750001579167">
        <ele>1415.0</ele>
      </trkpt>
      <trkpt lat="45.9526466901884" lon="6.766557479537375">
        <ele>1415.0</ele>
      </trkpt>
      <trkpt lat="45.95260935072042" lon="6.76643343232063">
        <ele>1415.0</ele>
      </trkpt>
      <trkpt lat="45.95251402224841" lon="6.766236916338896">
        <ele>1416.0</ele>
      </trkpt>
      <trkpt lat="45.95242640015976" lon="6.7660797022283194">
        <ele>1416.0</ele>
      </trkpt>
      <trkpt lat="45.95232943764209" lon="6.765959330804549">
        <ele>1416.0</ele>
      </trkpt>
      <trkpt lat="45.95219101561857" lon="6.765811566315317">
        <ele>1416.0</ele>
      </trkpt>
      <trkpt lat="45.95212848818393" lon="6.76571293881279">
        <ele>1416.0</ele>
      </trkpt>
      <trkpt lat="45.952084510084624" lon="6.7655716373004955">
        <ele>1417.0</ele>
      </trkpt>
      <trkpt lat="45.95202639980172" lon="6.7653944729648465">
        <ele>1417.0</ele>
      </trkpt>
      <trkpt lat="45.95195081492623" lon="6.765200604143694">
        <ele>1417.0</ele>
      </trkpt>
      <trkpt lat="45.951867347240835" lon="6.765026875776332">
        <ele>1417.0</ele>
      </trkpt>
      <trkpt lat="45.95178139183056" lon="6.76490079824293">
        <ele>1417.0</ele>
      </trkpt>
      <trkpt lat="45.951641772109824" lon="6.764707720595452">
        <ele>1416.0</ele>
      </trkpt>
      <trkpt lat="45.95158125723007" lon="6.764602770856473">
        <ele>1416.0</ele>
      </trkpt>
      <trkpt lat="45.95148700010435" lon="6.764346883072421">
        <ele>1415.0</ele>
      </trkpt>
      <trkpt lat="45.95144246411733" lon="6.764195206765047">
        <ele>1415.0</ele>
      </trkpt>
      <trkpt lat="45.95139043342474" lon="6.7640249240553745">
        <ele>1414.0</ele>
      </trkpt>
      <trkpt lat="45.95137835736277" lon="6.763981447817465">
        <ele>1414.0</ele>
      </trkpt>
      <trkpt lat="45.95131082082667" lon="6.763816567304814">
        <ele>1414.0</ele>
      </trkpt>
      <trkpt lat="45.951211462407514" lon="6.763605568479546">
        <ele>1414.0</ele>
      </trkpt>
      <trkpt lat="45.95116670643981" lon="6.7635417637613555">
        <ele>1414.0</ele>
      </trkpt>
      <trkpt lat="45.95111261251278" lon="6.763487660043358">
        <ele>1414.0</ele>
      </trkpt>
      <trkpt lat="45.951044131433726" lon="6.76335114977831">
        <ele>1414.0</ele>
      </trkpt>
      <trkpt lat="45.9510008353582" lon="6.763216361895649">
        <ele>1413.0</ele>
      </trkpt>
      <trkpt lat="45.95095856167398" lon="6.763186330509694">
        <ele>1413.0</ele>
      </trkpt>
      <trkpt lat="45.950905923327255" lon="6.763142666264919">
        <ele>1412.0</ele>
      </trkpt>
      <trkpt lat="45.95084185338951" lon="6.763009043407906">
        <ele>1411.0</ele>
      </trkpt>
      <trkpt lat="45.950813208475516" lon="6.762813221807262">
        <ele>1409.0</ele>
      </trkpt>
      <trkpt lat="45.95078494669094" lon="6.762660076481196">
        <ele>1408.0</ele>
      </trkpt>
      <trkpt lat="45.950677107331686" lon="6.762405852372466">
        <ele>1406.0</ele>
      </trkpt>
      <trkpt lat="45.95060070245799" lon="6.762236492588633">
        <ele>1403.0</ele>
      </trkpt>
      <trkpt lat="45.950540140059225" lon="6.762187118247859">
        <ele>1401.0</ele>
      </trkpt>
      <trkpt lat="45.95049405260582" lon="6.76219042995945">
        <ele>1398.0</ele>
      </trkpt>
      <trkpt lat="45.95047173502165" lon="6.7622380160818185">
        <ele>1395.0</ele>
      </trkpt>
      <trkpt lat="45.95043261915106" lon="6.7624653914696475">
        <ele>1392.0</ele>
      </trkpt>
      <trkpt lat="45.95040245721953" lon="6.762640389854914">
        <ele>1389.0</ele>
      </trkpt>
      <trkpt lat="45.950374357875226" lon="6.762672071536091">
        <ele>1387.0</ele>
      </trkpt>
      <trkpt lat="45.950353328195156" lon="6.762653832523576">
        <ele>1385.0</ele>
      </trkpt>
      <trkpt lat="45.95030000969029" lon="6.762495098434636">
        <ele>1383.0</ele>
      </trkpt>
      <trkpt lat="45.950217183588826" lon="6.7622477563583825">
        <ele>1381.0</ele>
      </trkpt>
      <trkpt lat="45.95012227556925" lon="6.762065501834333">
        <ele>1379.0</ele>
      </trkpt>
      <trkpt lat="45.94996063264175" lon="6.7619381370410245">
        <ele>1377.0</ele>
      </trkpt>
      <trkpt lat="45.94986554713713" lon="6.761896743147149">
        <ele>1375.0</ele>
      </trkpt>
      <trkpt lat="45.949770633154046" lon="6.761850191538761">
        <ele>1373.0</ele>
      </trkpt>
      <trkpt lat="45.94969401197743" lon="6.761714422818111">
        <ele>1373.0</ele>
      </trkpt>
      <trkpt lat="45.94962373287984" lon="6.761496374855769">
        <ele>1372.0</ele>
      </trkpt>
      <trkpt lat="45.94960665270915" lon="6.7612238054026506">
        <ele>1371.0</ele>
      </trkpt>
      <trkpt lat="45.94967960300704" lon="6.761009083871638">
        <ele>1370.0</ele>
      </trkpt>
      <trkpt lat="45.94978848804295" lon="6.760825249901992">
        <ele>1368.0</ele>
      </trkpt>
      <trkpt lat="45.94984755887393" lon="6.760648350739995">
        <ele>1366.0</ele>
      </trkpt>
      <trkpt lat="45.94982498873556" lon="6.760567972446521">
        <ele>1363.0</ele>
      </trkpt>
      <trkpt lat="45.9497703360898" lon="6.7605306360171324">
        <ele>1360.0</ele>
      </trkpt>
      <trkpt lat="45.94966355380758" lon="6.760597006480975">
        <ele>1357.0</ele>
      </trkpt>
      <trkpt lat="45.94960286050345" lon="6.760605783460893">
        <ele>1353.0</ele>
      </trkpt>
      <trkpt lat="45.94955771934683" lon="6.760472167813441">
        <ele>1349.0</ele>
      </trkpt>
      <trkpt lat="45.94951801846057" lon="6.7603104915378305">
        <ele>1345.0</ele>
      </trkpt>
      <trkpt lat="45.9494783173434" lon="6.760148815495283">
        <ele>1340.0</ele>
      </trkpt>
      <trkpt lat="45.94949352857346" lon="6.759908178223488">
        <ele>1334.0</ele>
      </trkpt>
      <trkpt lat="45.94953306674287" lon="6.759722190516363">
        <ele>1329.0</ele>
      </trkpt>
      <trkpt lat="45.94951276960057" lon="6.759464911269297">
        <ele>1325.0</ele>
      </trkpt>
      <trkpt lat="45.949472938952525" lon="6.759293534188359">
        <ele>1320.0</ele>
      </trkpt>
      <trkpt lat="45.949433108045014" lon="6.759122157355279">
        <ele>1317.0</ele>
      </trkpt>
      <trkpt lat="45.94945774069966" lon="6.758842099619209">
        <ele>1315.0</ele>
      </trkpt>
      <trkpt lat="45.9495494900343" lon="6.758604104242325">
        <ele>1313.0</ele>
      </trkpt>
      <trkpt lat="45.94963361409979" lon="6.758432791668557">
        <ele>1313.0</ele>
      </trkpt>
      <trkpt lat="45.949786396502056" lon="6.758392821351378">
        <ele>1314.0</ele>
      </trkpt>
      <trkpt lat="45.94997121716069" lon="6.758365377742326">
        <ele>1315.0</ele>
      </trkpt>
      <trkpt lat="45.95014652993006" lon="6.758244231791522">
        <ele>1315.0</ele>
      </trkpt>
      <trkpt lat="45.95026093583702" lon="6.7580568908607574">
        <ele>1315.0</ele>
      </trkpt>
      <trkpt lat="45.950295373704506" lon="6.757915785370537">
        <ele>1314.0</ele>
      </trkpt>
      <trkpt lat="45.950250058252145" lon="6.757733047231368">
        <ele>1312.0</ele>
      </trkpt>
      <trkpt lat="45.9502047425048" lon="6.757550309392882">
        <ele>1311.0</ele>
      </trkpt>
      <trkpt lat="45.95016694348762" lon="6.75737196222997">
        <ele>1309.0</ele>
      </trkpt>
      <trkpt lat="45.95012914418943" lon="6.757193615311841">
        <ele>1309.0</ele>
      </trkpt>
      <trkpt lat="45.95009552050715" lon="6.756930255339324">
        <ele>1308.0</ele>
      </trkpt>
      <trkpt lat="45.950094064184015" lon="6.756919816737446">
        <ele>1307.0</ele>
      </trkpt>
      <trkpt lat="45.95005647830301" lon="6.7567350229904495">
        <ele>1307.0</ele>
      </trkpt>
      <trkpt lat="45.95001889212035" lon="6.756550229495656">
        <ele>1306.0</ele>
      </trkpt>
      <trkpt lat="45.9499749875712" lon="6.756324940774701">
        <ele>1305.0</ele>
      </trkpt>
      <trkpt lat="45.94993677970551" lon="6.756145275031506">
        <ele>1303.0</ele>
      </trkpt>
      <trkpt lat="45.949874284436966" lon="6.7558553911040296">
        <ele>1302.0</ele>
      </trkpt>
      <trkpt lat="45.9498380464123" lon="6.755697831149031">
        <ele>1301.0</ele>
      </trkpt>
      <trkpt lat="45.949801808168324" lon="6.755540271401352">
        <ele>1298.0</ele>
      </trkpt>
      <trkpt lat="45.94974590877137" lon="6.755323212830732">
        <ele>1296.0</ele>
      </trkpt>
      <trkpt lat="45.94971519725618" lon="6.755270714208963">
        <ele>1294.0</ele>
      </trkpt>
      <trkpt lat="45.94958661111595" lon="6.7550435276903755">
        <ele>1292.0</ele>
      </trkpt>
      <trkpt lat="45.94950068767448" lon="6.75492975154263">
        <ele>1290.0</ele>
      </trkpt>
      <trkpt lat="45.94941476411862" lon="6.754815975749853">
        <ele>1289.0</ele>
      </trkpt>
      <trkpt lat="45.9492556830517" lon="6.754692686322487">
        <ele>1287.0</ele>
      </trkpt>
      <trkpt lat="45.949153377063894" lon="6.7546243193915805">
        <ele>1286.0</ele>
      </trkpt>
      <trkpt lat="45.94905107103475" lon="6.754555952714636">
        <ele>1284.0</ele>
      </trkpt>
      <trkpt lat="45.94899932543585" lon="6.754376660339804">
        <ele>1282.0</ele>
      </trkpt>
      <trkpt lat="45.94889930747066" lon="6.754185029147883">
        <ele>1280.0</ele>
      </trkpt>
      <trkpt lat="45.948843364254664" lon="6.754023544503095">
        <ele>1277.0</ele>
      </trkpt>
      <trkpt lat="45.94882755403479" lon="6.753847996596633">
        <ele>1275.0</ele>
      </trkpt>
      <trkpt lat="45.94880124762626" lon="6.753608407032026">
        <ele>1273.0</ele>
      </trkpt>
      <trkpt lat="45.94877296966949" lon="6.753346713072249">
        <ele>1272.0</ele>
      </trkpt>
      <trkpt lat="45.94885858718289" lon="6.753238823263404">
        <ele>1272.0</ele>
      </trkpt>
      <trkpt lat="45.948951523695676" lon="6.752991856310544">
        <ele>1273.0</ele>
      </trkpt>
      <trkpt lat="45.94899987198091" lon="6.752757356876932">
        <ele>1274.0</ele>
      </trkpt>
      <trkpt lat="45.94902963362628" lon="6.7525939626253475">
        <ele>1275.0</ele>
      </trkpt>
      <trkpt lat="45.949062092298554" lon="6.7524036122866535">
        <ele>1276.0</ele>
      </trkpt>
      <trkpt lat="45.9491455177126" lon="6.7521443633890215">
        <ele>1277.0</ele>
      </trkpt>
      <trkpt lat="45.94922954772692" lon="6.75200276108805">
        <ele>1278.0</ele>
      </trkpt>
      <trkpt lat="45.949343947205236" lon="6.751896830370479">
        <ele>1280.0</ele>
      </trkpt>
      <trkpt lat="45.949449135329566" lon="6.751742453261605">
        <ele>1281.0</ele>
      </trkpt>
      <trkpt lat="45.94957398068726" lon="6.751539012522938">
        <ele>1283.0</ele>
      </trkpt>
      <trkpt lat="45.94961042461708" lon="6.751418720138739">
        <ele>1284.0</ele>
      </trkpt>
      <trkpt lat="45.94959842639797" lon="6.751318388844093">
        <ele>1286.0</ele>
      </trkpt>
      <trkpt lat="45.94954603570193" lon="6.751185579859478">
        <ele>1288.0</ele>
      </trkpt>
      <trkpt lat="45.949483319999274" lon="6.75101071129851">
        <ele>1289.0</ele>
      </trkpt>
      <trkpt lat="45.949385047856836" lon="6.75073907647518">
        <ele>1291.0</ele>
      </trkpt>
      <trkpt lat="45.94931641992385" lon="6.750552174719695">
        <ele>1291.0</ele>
      </trkpt>
      <trkpt lat="45.949289512968754" lon="6.750412057048874">
        <ele>1292.0</ele>
      </trkpt>
      <trkpt lat="45.949308350926444" lon="6.750278933605322">
        <ele>1293.0</ele>
      </trkpt>
      <trkpt lat="45.94936458030942" lon="6.750132849241248">
        <ele>1293.0</ele>
      </trkpt>
      <trkpt lat="45.94944440878743" lon="6.749968340593237">
        <ele>1295.0</ele>
      </trkpt>
      <trkpt lat="45.94952423702632" lon="6.749803831468384">
        <ele>1296.0</ele>
      </trkpt>
      <trkpt lat="45.94949750012611" lon="6.749658555764721">
        <ele>1298.0</ele>
      </trkpt>
      <trkpt lat="45.949455815727774" lon="6.749529062850608">
        <ele>1300.0</ele>
      </trkpt>
      <trkpt lat="45.949375498265496" lon="6.749422785915301">
        <ele>1301.0</ele>
      </trkpt>
      <trkpt lat="45.94925826317662" lon="6.749369566527967">
        <ele>1302.0</ele>
      </trkpt>
      <trkpt lat="45.94905065286523" lon="6.749323114699884">
        <ele>1303.0</ele>
      </trkpt>
      <trkpt lat="45.94889966689868" lon="6.749281812785364">
        <ele>1303.0</ele>
      </trkpt>
      <trkpt lat="45.948772277174164" lon="6.749181377410519">
        <ele>1304.0</ele>
      </trkpt>
      <trkpt lat="45.94868305008279" lon="6.7490719107228845">
        <ele>1304.0</ele>
      </trkpt>
      <trkpt lat="45.94858696495322" lon="6.748897359395471">
        <ele>1305.0</ele>
      </trkpt>
      <trkpt lat="45.948483292941575" lon="6.748652504795161">
        <ele>1305.0</ele>
      </trkpt>
      <trkpt lat="45.94840104119373" lon="6.748468558160615">
        <ele>1306.0</ele>
      </trkpt>
      <trkpt lat="45.94834937141241" lon="6.7482866947376">
        <ele>1307.0</ele>
      </trkpt>
      <trkpt lat="45.94834279459493" lon="6.747995467819085">
        <ele>1309.0</ele>
      </trkpt>
      <trkpt lat="45.94833206828355" lon="6.74777503777181">
        <ele>1310.0</ele>
      </trkpt>
      <trkpt lat="45.948349619160126" lon="6.747653459475406">
        <ele>1312.0</ele>
      </trkpt>
      <trkpt lat="45.948437666331316" lon="6.747472063323152">
        <ele>1313.0</ele>
      </trkpt>
      <trkpt lat="45.94850313840402" lon="6.747264574910485">
        <ele>1314.0</ele>
      </trkpt>
      <trkpt lat="45.94855327623675" lon="6.747057334457751">
        <ele>1315.0</ele>
      </trkpt>
      <trkpt lat="45.948562424567356" lon="6.746862811579379">
        <ele>1316.0</ele>
      </trkpt>
      <trkpt lat="45.94853829690682" lon="6.746720302422845">
        <ele>1317.0</ele>
      </trkpt>
      <trkpt lat="45.9485300581564" lon="6.7465607819912385">
        <ele>1317.0</ele>
      </trkpt>
      <trkpt lat="45.948588375430795" lon="6.746351512910672">
        <ele>1319.0</ele>
      </trkpt>
      <trkpt lat="45.94860351729964" lon="6.746139304823738">
        <ele>1320.0</ele>
      </trkpt>
      <trkpt lat="45.948667816091685" lon="6.745930872945982">
        <ele>1322.0</ele>
      </trkpt>
      <trkpt lat="45.94873211449992" lon="6.745722440581606">
        <ele>1324.0</ele>
      </trkpt>
      <trkpt lat="45.948796412524345" lon="6.745514007730613">
        <ele>1326.0</ele>
      </trkpt>
      <trkpt lat="45.948820038139004" lon="6.7453450238981825">
        <ele>1327.0</ele>
      </trkpt>
      <trkpt lat="45.948835783102446" lon="6.745182611686995">
        <ele>1329.0</ele>
      </trkpt>
      <trkpt lat="45.94885152783286" lon="6.7450201993829575">
        <ele>1330.0</ele>
      </trkpt>
      <trkpt lat="45.94887130458886" lon="6.744912986683672">
        <ele>1331.0</ele>
      </trkpt>
      <trkpt lat="45.94893485694634" lon="6.744817798845602">
        <ele>1333.0</ele>
      </trkpt>
      <trkpt lat="45.94899112498978" lon="6.744697560283111">
        <ele>1334.0</ele>
      </trkpt>
      <trkpt lat="45.94901874063825" lon="6.7445986347139435">
        <ele>1335.0</ele>
      </trkpt>
      <trkpt lat="45.94904339857427" lon="6.744480122358439">
        <ele>1337.0</ele>
      </trkpt>
      <trkpt lat="45.94909568726377" lon="6.744398383503915">
        <ele>1338.0</ele>
      </trkpt>
      <trkpt lat="45.94918348247893" lon="6.744306136296955">
        <ele>1339.0</ele>
      </trkpt>
      <trkpt lat="45.9491803321267" lon="6.744101727860231">
        <ele>1340.0</ele>
      </trkpt>
      <trkpt lat="45.9491810257461" lon="6.743808407580285">
        <ele>1341.0</ele>
      </trkpt>
      <trkpt lat="45.949185610347044" lon="6.74364265018649">
        <ele>1341.0</ele>
      </trkpt>
      <trkpt lat="45.94919019470525" lon="6.743476892765105">
        <ele>1342.0</ele>
      </trkpt>
      <trkpt lat="45.94919511852741" lon="6.743287249621082">
        <ele>1342.0</ele>
      </trkpt>
      <trkpt lat="45.94920004203188" lon="6.743097606443154">
        <ele>1343.0</ele>
      </trkpt>
      <trkpt lat="45.94919967327763" lon="6.742890802585715">
        <ele>1344.0</ele>
      </trkpt>
      <trkpt lat="45.949221705849425" lon="6.742688106770864">
        <ele>1345.0</ele>
      </trkpt>
      <trkpt lat="45.949256314780385" lon="6.742527621746025">
        <ele>1345.0</ele>
      </trkpt>
      <trkpt lat="45.94929092348383" lon="6.742367136519514">
        <ele>1346.0</ele>
      </trkpt>
      <trkpt lat="45.94934888809981" lon="6.742141035845499">
        <ele>1347.0</ele>
      </trkpt>
      <trkpt lat="45.94940685226417" lon="6.741914934695609">
        <ele>1347.0</ele>
      </trkpt>
      <trkpt lat="45.94942547436618" lon="6.741842535540329">
        <ele>1348.0</ele>
      </trkpt>
      <trkpt lat="45.949513159735545" lon="6.741590022042443">
        <ele>1348.0</ele>
      </trkpt>
      <trkpt lat="45.94958383359591" lon="6.74144297236315">
        <ele>1349.0</ele>
      </trkpt>
      <trkpt lat="45.94965450726523" lon="6.7412959223065005">
        <ele>1350.0</ele>
      </trkpt>
      <trkpt lat="45.949761627228604" lon="6.741123563070256">
        <ele>1351.0</ele>
      </trkpt>
      <trkpt lat="45.949868746929475" lon="6.740951203163607">
        <ele>1352.0</ele>
      </trkpt>
      <trkpt lat="45.949967945556345" lon="6.740800274765347">
        <ele>1353.0</ele>
      </trkpt>
      <trkpt lat="45.95006714398194" lon="6.740649345823447">
        <ele>1354.0</ele>
      </trkpt>
      <trkpt lat="45.95016992082694" lon="6.74051287581444">
        <ele>1355.0</ele>
      </trkpt>
      <trkpt lat="45.95027269750736" lon="6.74037640529614">
        <ele>1355.0</ele>
      </trkpt>
      <trkpt lat="45.95036048944443" lon="6.740284149707197">
        <ele>1356.0</ele>
      </trkpt>
      <trkpt lat="45.95036052630789" lon="6.740284304325727">
        <ele>1356.0</ele>
      </trkpt>
    </trkseg>
  </trk>
</gpx>